name,county,role,role_note,lat,lon,pitch_bearing,bearing_source,match_dist_m,n_candidates,capacity,lore,lore_url
Croke Park,Dublin,national,,53.360656,-6.251319,19.3,matched_inside_boundary,60.3,1,82300,"Named after Archbishop Thomas Croke, an early GAA patron; the GAA's headquarters and national stadium since 1913.",https://en.wikipedia.org/wiki/Croke_Park
Semple Stadium,Tipperary,county_main,,52.6822,-7.826204,91.9,matched_inside_boundary,103.7,1,45690,"Named after Tom Semple, captain of the Thurles Blues hurling team in the early 1900s.",https://en.wikipedia.org/wiki/Semple_Stadium
Pairc Ui Chaoimh,Cork,county_main,,51.899839,-8.435386,74.2,matched_150m_radius,18.5,1,45000,"Named after Pádraig Ó Caoimh, GAA Director-General 1929-1964; rebuilt and reopened in 2017.",https://en.wikipedia.org/wiki/P%C3%A1irc_U%C3%AD_Chaoimh
Gaelic Grounds,Limerick,county_main,,52.670156,-8.654467,83.1,matched_inside_boundary,135.4,1,44023,"Limerick GAA's home ground since 1918, on the banks of the Shannon.",https://en.wikipedia.org/wiki/Gaelic_Grounds
Fitzgerald Stadium,Kerry,county_main,,52.06636,-9.508754,82.4,matched_150m_radius,6.0,1,38000,"Named after Dick Fitzgerald, Kerry captain and one of the game's first tactical writers.",https://en.wikipedia.org/wiki/Fitzgerald_Stadium
St Tiernach's Park,Monaghan,county_main,,54.185712,-7.233213,73.6,matched_inside_boundary,168.0,1,29000,"Named after Saint Tiarnach, patron saint of Clones; regular host of Ulster finals.",https://en.wikipedia.org/wiki/St_Tiernach%27s_Park
MacHale Park,Mayo,county_main,,53.85354,-9.286571,13.3,matched_inside_boundary,133.2,1,27870,"Named after Archbishop John MacHale of Tuam, a 19th-century Irish-language advocate.",https://en.wikipedia.org/wiki/MacHale_Park
Nowlan Park,Kilkenny,county_main,,52.656415,-7.239709,35.8,matched_inside_boundary,149.1,1,27000,"Named after James Nowlan, GAA president 1901-1921, a Kilkenny man.",https://en.wikipedia.org/wiki/Nowlan_Park
Pearse Stadium,Galway,county_main,,53.26329,-9.084546,72.7,matched_inside_boundary,124.6,1,26197,"Named after Pádraig Pearse, executed leader of the 1916 Easter Rising.",https://en.wikipedia.org/wiki/Pearse_Stadium
Breffni Park,Cavan,county_main,,53.981823,-7.360472,5.9,matched_150m_radius,0.0,1,25030,"Named after the historic Kingdom of Breifne, which covered Cavan and Leitrim.",https://en.wikipedia.org/wiki/Breffni_Park
Dr Hyde Park,Roscommon,county_main,,53.624836,-8.18111,114.8,matched_150m_radius,132.8,1,23900,"Named after Douglas Hyde, first President of Ireland and a founder of the Gaelic League.",https://en.wikipedia.org/wiki/Dr_Hyde_Park
O'Moore Park,Laois,county_main,,53.026148,-7.302527,166.7,matched_inside_boundary,130.9,1,22000,"Named after Rory O'Moore, 17th-century leader of the Irish Confederate Wars.",https://en.wikipedia.org/wiki/O%27Moore_Park
Cusack Park,Clare,county_main,,52.846716,-8.978523,87.7,matched_150m_radius,45.4,1,20800,"Named after Michael Cusack, a founder of the GAA in 1884; also known in Irish as Páirc Uí Chíosóg.",https://en.wikipedia.org/wiki/Cusack_Park_(Ennis)
Pairc Esler,Down,county_main,,54.163192,-6.334212,,needs_manual,0.0,2,20000,"Named after John Esler, a Down GAA official; shared with Newry Shamrocks GAC.",https://en.wikipedia.org/wiki/P%C3%A1irc_Esler
Markievicz Park,Sligo,county_main,,54.257046,-8.465924,157.8,matched_150m_radius,141.1,1,18558,"Named after Constance Markievicz, 1916 Rising participant and first woman elected to Dáil Éireann; built in 1955.",https://en.wikipedia.org/wiki/Markievicz_Park
Celtic Park,Derry,county_main,,54.993213,-7.333583,26.9,matched_inside_boundary,146.7,1,18500,Also known as Páirc na gCeilteach; Derry GAA's home ground in the city.,https://en.wikipedia.org/wiki/Celtic_Park_(Derry)
Athletic Grounds,Armagh,county_main,,54.343709,-6.662648,168.6,matched_inside_boundary,19.5,1,18500,A multi-sport venue in Armagh city used by Armagh GAA since the early 20th century.,https://en.wikipedia.org/wiki/Athletic_Grounds_(Armagh)
Wexford Park,Wexford,county_main,,52.332646,-6.47614,77.3,matched_150m_radius,129.1,1,18000,"Wexford GAA's home ground since 1904, in Wexford town.",https://en.wikipedia.org/wiki/Wexford_Park
Brewster Park,Fermanagh,county_main,,54.35108,-7.635159,138.0,matched_150m_radius,0.0,1,18000,Fermanagh GAA's home ground in Enniskillen.,https://en.wikipedia.org/wiki/Brewster_Park
O'Connor Park,Offaly,county_main,,53.280263,-7.489648,98.0,matched_inside_boundary,134.0,1,18000,"Named after Dinny O'Connor, a local GAA benefactor; in Tullamore.",https://en.wikipedia.org/wiki/O%27Connor_Park
Healy Park,Tyrone,county_main,,54.614019,-7.297323,165.3,verified_satellite,26.6,1,17636,Named after Bishop Eugene O'Doherty's predecessor John Healy; in Omagh.,https://en.wikipedia.org/wiki/Healy_Park
MacCumhaill Park,Donegal,county_main,,54.801342,-7.779774,168.9,verified_satellite,95.3,1,17500,"Named after Fionn mac Cumhaill of Irish mythology; home of the Seán MacCumhaills club, in Ballybofey.",https://en.wikipedia.org/wiki/MacCumhaill_Park
Pairc Ui Rinn,Cork,county_second,,51.891502,-8.437229,89.3,matched_inside_boundary,138.5,1,16440,"Named after Christy Ring, widely regarded as one of hurling's greatest players.",https://en.wikipedia.org/wiki/P%C3%A1irc_U%C3%AD_Rinn
Fraher Field,Waterford,county_second,,52.096906,-7.624736,87.6,matched_inside_boundary,135.8,1,15000,"Named after Pat Fraher, a Waterford GAA administrator; in Dungarvan.",https://en.wikipedia.org/wiki/Fraher_Field
St Conleth's Park,Kildare,county_main,,53.179615,-6.794883,138.6,matched_inside_boundary,139.3,1,15000,"Named after Saint Conleth, patron saint of Kildare; in Newbridge.",https://en.wikipedia.org/wiki/St_Conleth%27s_Park
St Mary's Park,Monaghan,county_second,,54.1129,-6.731229,157.3,verified_satellite,44.1,1,14000,Home ground of Castleblayney Faughs GFC.,https://en.wikipedia.org/wiki/Castleblayney_Faughs_GFC
Austin Stack Park,Kerry,county_second,,52.270097,-9.693667,101.7,matched_inside_boundary,139.8,1,14000,"Named after Austin Stack, a 1916 Rising participant and Kerry footballer; in Tralee.",https://en.wikipedia.org/wiki/Austin_Stack_Park
Cusack Park,Westmeath,county_main,,53.528166,-7.338227,71.0,matched_inside_boundary,130.1,1,11500,"Named after Michael Cusack, a founder of the GAA; in Mullingar.",https://en.wikipedia.org/wiki/TEG_Cusack_Park
Dr Cullen Park,Carlow,county_main,,52.846879,-6.917007,102.6,matched_150m_radius,0.0,1,11000,"Named after Cardinal Paul Cullen, 19th-century Archbishop of Dublin.",https://en.wikipedia.org/wiki/Dr_Cullen_Park
Walsh Park,Waterford,county_main,,52.254806,-7.128902,78.8,matched_inside_boundary,130.7,1,11046,Named after Bishop Daniel Cohalan's contemporary; in Waterford city.,https://en.wikipedia.org/wiki/Walsh_Park
Pairc Tailteann,Meath,county_main,,53.649811,-6.694318,69.3,matched_inside_boundary,131.6,1,11000,"Named after the ancient Tailteann Games, said to be held nearby; in Navan.",https://en.wikipedia.org/wiki/P%C3%A1irc_Tailteann
Pairc Sean Mac Diarmada,Leitrim,county_main,,53.94818,-8.07608,36.5,matched_inside_boundary,145.1,1,9331,"Named after Seán Mac Diarmada, a 1916 Rising signatory born in Leitrim.",https://en.wikipedia.org/wiki/P%C3%A1irc_Se%C3%A1n_Mac_Diarmada
Fr Tierney Park,Donegal,county_second,,54.498037,-8.191038,88.4,verified_satellite,26.9,1,9000,Home of Aodh Ruadh CLG in Ballyshannon.,https://en.wikipedia.org/wiki/Aodh_Ruadh_CLG
St Brendan's Park,Offaly,county_second,,53.091684,-7.909012,4.4,matched_inside_boundary,150.3,1,8800,Named after Saint Brendan the Navigator; in Birr.,https://en.wikipedia.org/wiki/St_Brendan%27s_Park
Parnell Park,Dublin,county_main,,53.372877,-6.216569,112.5,matched_inside_boundary,148.9,1,8500,"Named after Charles Stewart Parnell, 19th-century Irish nationalist leader; in Donnycarney.",https://en.wikipedia.org/wiki/Parnell_Park
Aughrim County Ground,Wicklow,county_main,,52.85264,-6.335284,58.4,verified_satellite,5.4,1,7000,"Wicklow GAA's home ground on Rednagh Road, Aughrim.",https://en.wikipedia.org/wiki/Aughrim_County_Ground
O'Garney Park,Clare,county_second,,52.744834,-8.777737,16.5,matched_150m_radius,13.1,1,7000,Named after the River O'Garney; home of Sixmilebridge GAA club.,https://en.wikipedia.org/wiki/O%27Garney_Park
St Jarlath's Park,Galway,county_second,,53.509443,-8.853857,0.4,matched_inside_boundary,135.4,1,6700,"Named after Saint Jarlath, patron saint of Tuam.",https://en.wikipedia.org/wiki/St_Jarlath%27s_Park
Pearse Park,Longford,county_main,,53.739326,-7.804909,0.3,matched_150m_radius,0.0,1,6000,"Named after Pádraig Pearse, executed leader of the 1916 Easter Rising.",https://en.wikipedia.org/wiki/Pearse_Park_(Longford)
McKenna Park,Down,county_second,,54.478055,-5.507858,153.2,matched_150m_radius,146.7,1,5000,Home ground of St Joseph's Ballycran GAA club.,https://en.wikipedia.org/wiki/McKenna_Park
Pearse Park,Wicklow,county_second,,52.801251,-6.169363,111.7,verified_satellite,13.2,1,5000,"Named after Pádraig Pearse; home of Arklow Geraldines Ballymoney GAA, in Arklow.",https://en.wikipedia.org/wiki/Pearse_Park_(Arklow)
Corrigan Park,Antrim,county_second,,54.592234,-5.977465,0.1,matched_150m_radius,16.6,1,3700,"Named after John Corrigan (1881-1916), Antrim County Board secretary; in Belfast.",https://en.wikipedia.org/wiki/Corrigan_Park
Casement Park,Antrim,county_main,closed since 2013,54.573237,-5.983924,155.4,matched_inside_boundary,46.0,1,34578,"Named after Roger Casement, executed 1916 figure; traditional Antrim GAA headquarters, closed for redevelopment since 2013 (capacity is the planned post-redevelopment figure, not a current one).",https://en.wikipedia.org/wiki/Casement_Park
Gaelic Grounds,Louth,county_main,Louth's home until 2020; new Dundalk stadium not yet open,53.723656,-6.359451,97.3,verified_satellite,5.1,1,3500,"Louth GAA's home ground 1926-2020, in Drogheda; currently under redevelopment. A new stadium (""Staid Lu"", 14,000 capacity) is under construction in Dundalk -- a different site -- and not yet open, so this row's bearing describes a ground the county is in the process of leaving.",https://en.wikipedia.org/wiki/Gaelic_Grounds_(Drogheda)
O'Donnell Park,Donegal,county_second,,54.945436,-7.752672,144.1,matched_150m_radius,17.3,1,8200,"Named for Cardinal Patrick O'Donnell (1856-1927); home of St Eunan's GAA club, in Letterkenny.",https://en.wikipedia.org/wiki/O%27Donnell_Park
