osm_id,county
100035318,Cork
100035320,Cork
1000355056,Kerry
1000558604,Cork
1000750014,Dublin
1000750015,Dublin
1001028165,Wexford
1001864917,Tyrone
1001890105,Tyrone
1001902037,Down
1001902038,Down
100195875,Laois
100213873,Kilkenny
1002703367,Londonderry
1002818552,Kerry
1003237039,Kildare
1003783805,Kerry
1005051658,Louth
1005681549,Galway
1006007381,Waterford
1006007382,Waterford
1006007383,Waterford
1006007384,Waterford
1006007385,Waterford
1006007386,Waterford
1006258736,Kildare
1006440355,Monaghan
1006441119,Monaghan
1006452850,Antrim
1006452851,Antrim
1007850619,Dublin
1008652538,Waterford
1008652539,Waterford
1008652545,Waterford
1008672516,Waterford
1008693696,Galway
1008870250,Down
1009173442,Kilkenny
1009173446,Kilkenny
1009209601,Kilkenny
1010047889,Carlow
1010047890,Carlow
1010375150,Kildare
1010782233,Armagh
1010968546,Kildare
1010968547,Kildare
1011319798,Kerry
1011352879,Kildare
1012374232,Leitrim
1012579321,Kildare
1012746902,Mayo
1012752187,Tipperary
1013575267,Kildare
1013575268,Kildare
1014140039,Mayo
1015291296,Wexford
1015291297,Wexford
1015291298,Wexford
1015693366,Mayo
1017686740,Tipperary
1018902203,Tipperary
1020530495,Offaly
1020530496,Offaly
1023604183,Donegal
1023663100,Waterford
1023723975,Londonderry
1023822416,Armagh
1024505593,Armagh
1026087715,Cork
102640487,Kildare
102640500,Kildare
102850583,Kildare
1029493123,Galway
1030195942,Meath
1030195943,Meath
1030195949,Meath
1030195950,Meath
103036154,Cork
103036159,Cork
1030797678,Galway
1030843131,Cork
1030843132,Cork
1030916193,Donegal
1030923031,Galway
1031997743,Kilkenny
1033865344,Dublin
1033885158,Tipperary
1033937614,Kildare
103407450,Cork
103411317,Dublin
1034203427,Kerry
1034605458,Donegal
1035584906,Cork
1036377243,Galway
1037003489,Donegal
1038334910,Tipperary
1038336129,Donegal
104004849,Cork
104005002,Cork
1040167504,Tipperary
1040167505,Tipperary
1040881953,Tipperary
1040904822,Galway
104153617,Dublin
1041984824,Clare
1042737927,Londonderry
1042737928,Londonderry
1047034471,Kildare
1050875670,Tipperary
1053153741,Tipperary
105320174,Kildare
1053569285,Fermanagh
1054937004,Armagh
1054937005,Armagh
1054937006,Armagh
1055837861,Galway
1055837870,Galway
1056137835,Londonderry
1056137836,Londonderry
1056290342,Tipperary
105742233,Cork
1058325095,Tyrone
1059091486,Dublin
1059091489,Dublin
1059091490,Dublin
105919096,Dublin
1060504647,Tipperary
1060881538,Tipperary
1060904510,Tyrone
1062307354,Cork
1062854595,Tipperary
1062854596,Tipperary
1062854597,Tipperary
1062949765,Meath
106408484,Wicklow
1064529165,Londonderry
1064529178,Londonderry
1064814622,Londonderry
1064855660,Tipperary
1065349036,Armagh
1065349044,Tyrone
1065349045,Tyrone
1065750616,Clare
1065750617,Clare
1066433902,Galway
1066844740,Meath
1067988827,Meath
1067988828,Meath
1068015336,Galway
1068727373,Cork
1068727374,Cork
1070597256,Donegal
1071011874,Cork
1072812900,Cork
1073199851,Mayo
1074008317,Tipperary
1076445573,Londonderry
1076616557,Galway
1077039507,Roscommon
107736506,Kildare
1077808859,Galway
1077808860,Galway
1078075598,Tipperary
1079491811,Offaly
1079491812,Offaly
1079491813,Offaly
1079491814,Offaly
1080374500,Dublin
1081005404,Londonderry
1081005405,Londonderry
1082192287,Down
1082307738,Tipperary
1082486820,Tipperary
1083335336,Leitrim
1084020673,Tyrone
1084022310,Tyrone
1084030051,Tyrone
1085382245,Limerick
1085486290,Dublin
1085981843,Leitrim
1086206052,Laois
1086617300,Leitrim
1087512869,Dublin
1087945644,Galway
1088855818,Kilkenny
1090433489,Leitrim
1090560776,Limerick
109083464,Waterford
1095700578,Leitrim
1095935358,Leitrim
1096682174,Leitrim
1097221240,Leitrim
1097833752,Meath
1100834859,Kilkenny
110376173,Meath
1104733237,Kerry
1105284351,Cavan
1105299102,Galway
1105299116,Galway
1105323444,Dublin
1105323448,Dublin
1105450219,Leitrim
1107073709,Donegal
1107073710,Donegal
1107208751,Cork
1107208752,Cork
1108626903,Monaghan
1108626904,Monaghan
1108790272,Donegal
1109745005,Cavan
1109745006,Cavan
1110065030,Kildare
1110350421,Cavan
1110384410,Cavan
1113195397,Cavan
1113195398,Cavan
1114751350,Cavan
1114889307,Cavan
1115526873,Cavan
1115991691,Cavan
1116033250,Cork
1116033251,Cork
1116825808,Monaghan
1116839074,Monaghan
1118043542,Cork
1118043669,Cork
1118052523,Cork
1118939787,Cavan
1120094400,Tipperary
1120583555,Cavan
1122315100,Clare
1122315101,Clare
1122768344,Roscommon
1123150791,Meath
1124021312,Roscommon
1124157907,Roscommon
1124772516,Kilkenny
1125705153,Armagh
1125706666,Armagh
1126059834,Cork
1126153460,Dublin
1126521209,Waterford
1126521210,Waterford
1126521211,Waterford
1126650101,Cavan
1127331708,Roscommon
1128099294,Waterford
1128099295,Waterford
1128099296,Waterford
1128103036,Waterford
1128103037,Waterford
1128103981,Waterford
1128103982,Waterford
1128305670,Meath
112981295,Dublin
1131696470,Cork
1131775223,Roscommon
1131775224,Roscommon
1132402457,Meath
1132402458,Meath
1132402459,Meath
1132538941,Galway
1132538942,Galway
1132538943,Galway
1132538944,Galway
1132590676,Roscommon
1133258651,Roscommon
1133334867,Cork
1133334868,Cork
113413476,Armagh
1134888868,Kilkenny
113523274,Armagh
1136143210,Kilkenny
1136144389,Kilkenny
113628447,Down
113631292,Armagh
113631294,Armagh
113741209,Wicklow
113741345,Wicklow
1137615405,Monaghan
1137615406,Monaghan
1137615407,Monaghan
1137615408,Monaghan
1137837367,Galway
1137837368,Galway
1137837370,Galway
1141065032,Monaghan
1143748961,Down
1144794204,Limerick
1144794205,Limerick
1144794206,Limerick
1144794209,Limerick
1144794210,Limerick
1149437448,Cork
1149935849,Mayo
115023656,Londonderry
1152759172,Cork
1153254557,Cavan
1153452346,Roscommon
1153864191,Kilkenny
1153881553,Roscommon
1155603484,Kerry
1155603485,Kerry
1155909129,Roscommon
1156120066,Cork
1156157853,Roscommon
115662515,Down
115662535,Down
1157701761,Laois
1158959858,Armagh
1160959473,Meath
1162115705,Antrim
1162233443,Meath
1162286968,Antrim
1162843707,Armagh
1163101592,Galway
1163483795,Galway
1164553481,Down
1165480755,Kildare
1166110103,Cavan
116707409,Waterford
116709173,Galway
116800440,Galway
1169358477,Down
1172265406,Dublin
1172763643,Down
1173631080,Down
1174952296,Down
1174952297,Down
1174952298,Down
1175241796,Down
1175538178,Down
117569386,Kildare
1175870842,Wexford
1175870843,Wexford
1175884035,Meath
1175884036,Meath
1176012618,Clare
1176450238,Cavan
1176968660,Dublin
1176968662,Dublin
1176968663,Dublin
1177211353,Cavan
1177214372,Cavan
1177214373,Cavan
1177215199,Cavan
1177216236,Cavan
1177216237,Cavan
1178587184,Down
1180224743,Down
1180451426,Down
1180451427,Down
1181456103,Kerry
1181742621,Kerry
1181742622,Kerry
1181742623,Kerry
1183292111,Down
1183292112,Down
1183328704,Down
1183328705,Down
1183595834,Down
1183722361,Meath
1184560311,Down
118518914,Galway
1185647412,Down
1185717056,Mayo
1185717057,Mayo
1186425275,Down
1186425279,Down
1186845048,Meath
1186845049,Meath
1187355426,Down
1188453803,Down
1188453804,Down
1188453814,Down
1188479541,Kildare
118852158,Londonderry
1188673533,Down
1188675525,Westmeath
118873175,Tipperary
1188957055,Down
1189337337,Down
1189376007,Westmeath
1189984551,Down
119001010,Tipperary
1190248929,Down
1191380454,Down
1195586491,Meath
119611644,Wicklow
1196312898,Meath
1196751149,Monaghan
1198065917,Down
1198828085,Dublin
1201200390,Limerick
1201200392,Limerick
1201637275,Meath
1201743185,Carlow
1201995509,Galway
1203904392,Meath
1204986343,Down
1204986344,Down
1204986345,Down
1204986360,Down
1205642750,Cavan
1206889869,Mayo
1207573458,Donegal
1207845521,Meath
1207869411,Meath
1207869412,Meath
1207872608,Meath
1207872610,Meath
1207945287,Clare
1208781419,Mayo
1209491287,Offaly
1209752437,Meath
1210214225,Offaly
1210214236,Offaly
1210222722,Offaly
1210349821,Monaghan
1210971298,Offaly
1210993137,Meath
1211046009,Meath
1211117374,Meath
1211117375,Meath
1211618719,Meath
1212101960,Meath
1212102055,Meath
1212347238,Meath
1212361392,Meath
1213753079,Cork
1214587400,Meath
1215530903,Offaly
1215530904,Offaly
1215873624,Offaly
1216124364,Meath
1216495205,Meath
1216800073,Offaly
1217543501,Leitrim
1217543502,Leitrim
1217543503,Leitrim
1218394611,Meath
1219586150,Monaghan
1219586151,Monaghan
1219586152,Monaghan
1219586153,Monaghan
1220103030,Monaghan
1220103031,Monaghan
1220103032,Monaghan
1220266405,Monaghan
1221044015,Cork
1221519119,Down
1221893093,Monaghan
1222760762,Monaghan
1223035671,Monaghan
1223205653,Antrim
1223383566,Monaghan
1223383567,Monaghan
1223434646,Monaghan
1223950899,Monaghan
1224657696,Meath
1225075531,Londonderry
1225253217,Monaghan
1225253231,Monaghan
1225253232,Monaghan
1225253233,Monaghan
1225578178,Monaghan
1225597865,Monaghan
1225597866,Monaghan
1225597873,Monaghan
1225597874,Monaghan
1225597875,Monaghan
1225741742,Monaghan
1225741743,Monaghan
1225741750,Monaghan
1225888711,Monaghan
1225888712,Monaghan
1226219834,Dublin
1226219835,Dublin
1226358341,Monaghan
1226358345,Monaghan
1226738818,Waterford
1227128854,Monaghan
1227247462,Kilkenny
1227439886,Monaghan
1227584653,Antrim
1227778587,Monaghan
1227795392,Monaghan
1228104047,Kilkenny
1228104048,Kilkenny
1228104049,Kilkenny
1228104050,Kilkenny
1228263008,Kilkenny
1228322367,Kilkenny
1228856504,Kilkenny
1228928916,Sligo
1228948193,Down
1228948194,Down
1229513502,Mayo
123068752,Cork
123070168,Cork
1231251538,Waterford
1231386683,Dublin
1231393025,Dublin
1231426846,Dublin
1232204957,Dublin
1232273961,Tyrone
1232273962,Tyrone
1232299806,Tipperary
1232299807,Tipperary
1232299808,Tipperary
1232299809,Tipperary
1232494606,Galway
1232987172,Tipperary
1234171710,Monaghan
123419883,Dublin
1234487414,Kilkenny
1234747710,Kilkenny
1234767211,Kilkenny
123523949,Londonderry
1235626491,Monaghan
1235626492,Monaghan
1235655588,Monaghan
1235655591,Monaghan
1235860695,Kildare
1236709570,Down
1237044021,Laois
1237393401,Waterford
1237569786,Monaghan
1237569787,Monaghan
1237777631,Tipperary
1238106339,Tipperary
1238188346,Meath
1238330490,Monaghan
1238438334,Waterford
1238458123,Tipperary
1239260658,Tipperary
1239508366,Monaghan
1239634414,Tipperary
1239634418,Tipperary
1239999318,Monaghan
1240315982,Kildare
1240315983,Kildare
1240448346,Monaghan
1240465939,Tipperary
1240465940,Tipperary
1240465943,Tipperary
1240787786,Tipperary
1240787787,Tipperary
1240800973,Tipperary
1241025773,Dublin
1241025774,Dublin
1241437818,Tipperary
1241506227,Cavan
1241630984,Mayo
1241787476,Tipperary
1241787480,Tipperary
1241921350,Tipperary
1241921351,Tipperary
1242096686,Dublin
124252134,Galway
1242574511,Tipperary
1242574513,Tipperary
1242951723,Tipperary
1242951724,Tipperary
1243064289,Tipperary
1243118045,Tyrone
1243277224,Tipperary
1243277225,Tipperary
1243472541,Tipperary
1243674582,Down
1243674583,Down
1243674584,Down
1243803045,Tipperary
1243803046,Tipperary
1244123270,Tipperary
1244711739,Tipperary
1244784234,Tipperary
1245636207,Tipperary
1245810670,Monaghan
1245877936,Tipperary
1245904099,Monaghan
1246171871,Tipperary
1247312299,Tipperary
1248084818,Armagh
1248691500,Waterford
1248692725,Waterford
1249187845,Wexford
1249340787,Wexford
1249340788,Wexford
1249340789,Wexford
1249340790,Wexford
1249569125,Wexford
1249569126,Wexford
1250765659,Cork
1250930855,Wexford
1250930856,Wexford
1251524706,Monaghan
1252111469,Cork
1253200891,Down
1253687391,Armagh
1254383460,Cork
1254570110,Meath
1255298126,Mayo
1255298127,Mayo
1255321963,Tyrone
1255993066,Mayo
125624857,Kilkenny
1256721229,Dublin
1257345684,Wexford
1257345685,Wexford
1259768743,Monaghan
1263212207,Meath
1263212208,Meath
1263261593,Mayo
1264738111,Armagh
1265463341,Monaghan
1265528381,Kerry
126563223,Mayo
1265655491,Meath
126629374,Kilkenny
1267553371,Kildare
1269299375,Down
1271274482,Dublin
1271781846,Wicklow
127202620,Waterford
1272395727,Limerick
1272825567,Kilkenny
1276482435,Cork
1276482436,Cork
127721086,Roscommon
1277871478,Meath
1278315090,Mayo
1278330228,Mayo
1278330229,Mayo
1279516858,Dublin
1279873221,Dublin
1280899874,Kerry
1281079493,Dublin
1283321270,Donegal
1283321271,Donegal
1283693984,Mayo
1283771165,Armagh
1283918838,Galway
1284456570,Mayo
1284842383,Dublin
1285789518,Armagh
128621314,Dublin
128621316,Dublin
1286220377,Galway
1286760942,Dublin
1286877376,Mayo
1288069407,Louth
1288069408,Louth
1288945070,Mayo
1292632665,Kilkenny
1293039099,Dublin
1293039100,Dublin
129462852,Cork
129466802,Kildare
1295400913,Dublin
1296138611,Clare
1297589257,Louth
1297589258,Louth
1297589260,Louth
129784318,Kilkenny
1298337439,Louth
1299599290,Antrim
1299599291,Antrim
1300090537,Louth
1300090542,Louth
1300090543,Louth
1301301688,Louth
1302166100,Cork
1302166101,Cork
1303878166,Galway
1303939503,Galway
1303939507,Galway
1303945745,Galway
1303945746,Galway
1304460211,Galway
1305768482,Kilkenny
1305768488,Kilkenny
1305792628,Kilkenny
1307224475,Wexford
1307597248,Dublin
1308612320,Kerry
1309105872,Dublin
1309105873,Dublin
1309105874,Dublin
1309105875,Dublin
1309105876,Dublin
1309951695,Wicklow
1309951750,Wicklow
131053584,Dublin
131053585,Dublin
131056992,Galway
131056994,Galway
1311747777,Tyrone
1311747786,Tyrone
1315205734,Antrim
1315591784,Kildare
1316556255,Kildare
1316649029,Down
131755488,Dublin
1317599548,Kildare
1318434556,Louth
1318898852,Armagh
1318902455,Tyrone
1318903519,Armagh
1318905799,Cavan
1318910783,Kildare
1320725610,Wicklow
132127675,Dublin
132134422,Dublin
132134773,Dublin
1321928508,Antrim
1321928509,Antrim
1321939991,Antrim
1321961892,Armagh
1321961960,Armagh
1322151802,Kildare
1322358555,Kildare
1322614511,Clare
132281158,Dublin
1322879673,Meath
1322879674,Meath
1323702309,Tyrone
1323820829,Kildare
1323907809,Kildare
1323938736,Armagh
1323946363,Kildare
1324193296,Wicklow
132667760,Sligo
1327091500,Wexford
1327091503,Wexford
1327117122,Kildare
132764337,Dublin
1328232511,Wicklow
1328232514,Wicklow
1328232516,Wicklow
1328232517,Wicklow
1328232518,Wicklow
132860069,Westmeath
1328619337,Carlow
1328889919,Carlow
1330149509,Meath
1330149510,Meath
1332478781,Wicklow
1333456393,Wicklow
1333456400,Wicklow
1333456423,Wicklow
1334753635,Louth
1335040804,Wicklow
1336551069,Wexford
1337716842,Cork
1337744298,Dublin
1338594592,Louth
1339653801,Louth
134149379,Roscommon
134149380,Roscommon
134149381,Roscommon
134151262,Longford
1344888219,Dublin
1347140203,Wicklow
1348381462,Louth
134900744,Down
1351017759,Louth
1351667760,Dublin
135207099,Wicklow
135216799,Wicklow
1352516928,Kilkenny
1354463169,Mayo
1355984037,Meath
1358347543,Louth
1358347544,Louth
1359629987,Meath
136085631,Wicklow
1360952078,Cork
1361295710,Waterford
1361295711,Waterford
1361468984,Armagh
136216777,Carlow
136280967,Kerry
1363562163,Clare
136414236,Waterford
136426051,Cork
136426060,Cork
136426061,Cork
1364828025,Wicklow
1364866832,Dublin
1366201229,Wicklow
1366786885,Wicklow
1366786888,Wicklow
1368146790,Meath
137339093,Waterford
1376188366,Laois
1376188367,Laois
1377060583,Kilkenny
1377066952,Meath
1377066966,Meath
1377149493,Mayo
1377824417,Wicklow
1378844023,Dublin
1380274502,Monaghan
138224234,Dublin
138224235,Dublin
1382873931,Mayo
1384779688,Tyrone
1385160686,Galway
1385167371,Galway
1386050574,Louth
1386050575,Louth
1386674799,Wicklow
1386681969,Wicklow
1386910888,Galway
1386910889,Galway
1386910890,Galway
1386910891,Galway
1386910892,Galway
1386910894,Galway
1387113124,Tipperary
1387205654,Dublin
138776922,Longford
1388183554,Sligo
1388183555,Sligo
1388760546,Tipperary
1388760547,Tipperary
1388762396,Clare
1389765907,Galway
139071058,Galway
1390797105,Galway
1392831841,Cork
139322514,Offaly
1393382425,Galway
139609780,Kerry
139609784,Kerry
140124169,Fermanagh
1408865782,Cork
1409206423,Cork
1409206426,Cork
1409427023,Mayo
1409873127,Galway
1410388733,Galway
1410713161,Galway
1410713162,Galway
1410713163,Galway
1410929568,Antrim
1410945071,Down
1411980833,Louth
1412088112,Louth
1416096798,Armagh
1416096799,Armagh
1416513144,Louth
1416787033,Wicklow
1418149808,Galway
1418667801,Sligo
1418667811,Sligo
1418667812,Sligo
1419138022,Galway
1419387027,Tyrone
1419387028,Tyrone
1420426742,Meath
1423267925,Limerick
1423516062,Sligo
1423971431,Armagh
1423998933,Limerick
142435942,Kildare
1424429133,Limerick
1424452015,Limerick
1426011621,Limerick
1426011622,Limerick
1427101900,Carlow
1427101902,Carlow
1427101903,Carlow
1427101905,Carlow
1428019948,Limerick
1428381381,Carlow
142903237,Dublin
142903238,Dublin
1430915442,Tyrone
1431334331,Meath
1431334332,Meath
1431334333,Meath
1431342062,Cork
1435609081,Cork
1435658861,Cork
1435736269,Tipperary
1435894955,Laois
1435894957,Laois
1436414101,Laois
1436736645,Laois
1436737745,Laois
1436740314,Laois
1436742819,Laois
1436744313,Laois
1436745148,Laois
1436745441,Laois
1436745442,Laois
1436745802,Laois
1436747943,Laois
1436747966,Laois
1436909813,Wicklow
1436911363,Wicklow
1436912748,Wicklow
1436913751,Wicklow
1436943094,Wicklow
143740998,Wexford
1441911738,Carlow
1441911742,Carlow
1441913523,Carlow
1441914456,Carlow
1441916416,Carlow
1441916417,Carlow
1441916418,Carlow
1441917813,Carlow
1441917940,Carlow
1441919326,Carlow
1441920120,Carlow
1441920795,Carlow
1441921122,Carlow
1441923257,Carlow
1442096969,Laois
1442235431,Laois
1442235432,Laois
1442301309,Laois
1442301310,Laois
1442780612,Kildare
1442780619,Kildare
144338529,Kildare
144338555,Kildare
1443593101,Waterford
1443593102,Waterford
1443721313,Sligo
144410053,Wicklow
144410061,Wicklow
144584690,Wicklow
144584731,Wicklow
1446620739,Down
1447022798,Waterford
1447022804,Waterford
144996243,Londonderry
1449973369,Galway
145035865,Londonderry
145108605,Wicklow
1451500348,Kilkenny
1452168984,Limerick
145313675,Londonderry
1455741330,Mayo
1456672150,Kerry
1456714295,Dublin
1456871168,Galway
1456951350,Dublin
1456951351,Dublin
145774856,Kerry
1459584901,Clare
1459931679,Armagh
1460081771,Kerry
1460081774,Kerry
1461605795,Kerry
1461609245,Kildare
1461707602,Armagh
146202463,Wexford
1462049943,Armagh
1462049944,Armagh
1462409547,Kerry
1462462097,Armagh
1462753558,Armagh
146276918,Wexford
1463040076,Monaghan
1463040077,Monaghan
1463770725,Kerry
1463770726,Kerry
1463849127,Tipperary
1463849128,Tipperary
1463975989,Kerry
1463975992,Kerry
1464905971,Armagh
1465333780,Armagh
1465333781,Armagh
1466321548,Kilkenny
1466833289,Cork
1467618048,Cork
1467618049,Cork
1467618050,Cork
1467618051,Cork
1467618052,Cork
1468974754,Galway
1469222773,Cork
146980119,Dublin
1470103833,Cork
1470103836,Cork
147029085,Wicklow
1470445842,Galway
1471395052,Cork
1471790352,Mayo
1471819022,Armagh
1471819023,Armagh
1471819024,Armagh
1472046965,Kerry
1472052706,Cork
1472052707,Cork
1472052709,Cork
1472124894,Armagh
1472124895,Armagh
1472124896,Armagh
1472725694,Down
1472980879,Limerick
1472980880,Limerick
1473256403,Cork
1473256406,Cork
1473256409,Cork
1473411913,Clare
1473420618,Clare
1473423275,Louth
1473681207,Galway
1473991365,Dublin
147443214,Wicklow
1474459075,Down
1474459083,Down
1474688951,Tyrone
1474692856,Tyrone
1474827935,Cork
1474827936,Cork
1475108828,Cork
1475269269,Kerry
1475352693,Cork
1475352694,Cork
1475352696,Cork
1476258292,Donegal
1476267208,Donegal
1476488331,Kerry
1476570391,Donegal
1476581387,Kerry
1477398631,Londonderry
1477860087,Kerry
1477868854,Limerick
1477868855,Limerick
1478548802,Limerick
1478554402,Limerick
1478641252,Cork
1478641253,Cork
1478641254,Cork
1478820734,Antrim
1478944269,Limerick
1479284987,Donegal
1479371575,Cork
1480578774,Limerick
1480591988,Tipperary
1480801306,Tipperary
1480804901,Tipperary
1480804903,Tipperary
1480804904,Tipperary
1481065047,Tipperary
1481118448,Kerry
1481437721,Kildare
1481437723,Kildare
1481451519,Tipperary
1481456256,Tipperary
1481456257,Tipperary
1481456258,Tipperary
1481609064,Antrim
1481609066,Antrim
1481631680,Londonderry
1481631681,Londonderry
1481631682,Londonderry
1481969208,Clare
1481969209,Clare
1481969210,Clare
1481969211,Clare
148224217,Waterford
1482844090,Laois
1483082899,Kerry
148323742,Cork
148328994,Tipperary
1483353228,Kerry
1483921963,Donegal
1484043405,Longford
1484043406,Roscommon
1484043407,Roscommon
1484048563,Roscommon
1484371122,Londonderry
1484702614,Kilkenny
1485032196,Cork
1485032197,Cork
148543725,Antrim
148543882,Antrim
148543885,Antrim
1485447207,Leitrim
1485447209,Leitrim
1485770024,Cork
1486367812,Kerry
1486840355,Tipperary
1486851756,Tipperary
1486969419,Tipperary
148708733,Offaly
148725750,Westmeath
148725751,Westmeath
1488791730,Limerick
1488791731,Limerick
1488791733,Limerick
1489286841,Kerry
1489572299,Louth
1490289626,Kerry
1490289627,Kerry
1490289628,Kerry
1490289629,Kerry
1490289630,Kerry
1490289631,Kerry
149297162,Kilkenny
1493843523,Antrim
1493920749,Kerry
149433541,Waterford
149441074,Kilkenny
149441080,Kilkenny
149582863,Tipperary
149582864,Tipperary
1495956420,Limerick
1495956424,Limerick
1495983743,Limerick
1495983744,Limerick
149599837,Dublin
1496295074,Limerick
149629534,Tipperary
149629543,Tipperary
149629547,Tipperary
149629553,Tipperary
149669823,Kilkenny
149669825,Kilkenny
1496977116,Tipperary
1496977117,Tipperary
1497096555,Galway
1497193608,Tipperary
149727672,Westmeath
1497463595,Tipperary
149828300,Cavan
149828301,Cavan
149834199,Cavan
1499530055,Meath
1499608641,Longford
149975239,Cavan
150084650,Donegal
150092012,Cavan
150096187,Offaly
1501008516,Limerick
1501214417,Antrim
1501214536,Antrim
1501216287,Antrim
1501222465,Sligo
150138002,Offaly
1501457963,Waterford
1501457964,Waterford
1501490947,Tipperary
1501546493,Wicklow
1501546848,Wicklow
1501549373,Wexford
1501551769,Leitrim
1501551853,Leitrim
1501553733,Mayo
1501554204,Waterford
1501979407,Roscommon
1501979408,Roscommon
150268846,Leitrim
150279435,Kilkenny
150279504,Offaly
1503409709,Wicklow
1503807165,Kilkenny
1503807166,Kilkenny
150425305,Kilkenny
1504602205,Kerry
150649450,Tipperary
1506792322,Mayo
150718595,Meath
150718616,Meath
150720866,Galway
1509284426,Kilkenny
150936756,Tipperary
1509735165,Kerry
1509735166,Kerry
1510753982,Waterford
1510770332,Waterford
1511440534,Dublin
1511706786,Armagh
1511709570,Armagh
1511709856,Armagh
1511709891,Armagh
1511710051,Armagh
1511710190,Armagh
1511724396,Londonderry
1511724472,Londonderry
1511724651,Londonderry
1511727782,Londonderry
1511729302,Tyrone
1511729362,Tyrone
1511729440,Tyrone
151308385,Westmeath
151313905,Galway
1513582229,Kerry
1514931979,Kerry
151514370,Limerick
1515278499,Kerry
151628490,Tipperary
1516498733,Limerick
1517484261,Kilkenny
1517874385,Mayo
151913337,Waterford
151942648,Kildare
151942764,Waterford
151942767,Waterford
152193549,Laois
152194768,Laois
1522477447,Meath
152272229,Down
152304009,Leitrim
1525301133,Westmeath
152547088,Cavan
152547090,Cavan
1525832556,Sligo
1526190368,Donegal
1526190369,Donegal
152640341,Laois
1526618297,Kilkenny
1526618298,Kilkenny
1526872680,Clare
1526872719,Clare
1526872760,Clare
1526872974,Clare
1526873079,Clare
1526873168,Limerick
1526873237,Clare
1527123268,Laois
1527170259,Kerry
1527171251,Limerick
1527171628,Limerick
1527171729,Limerick
1527171806,Limerick
1527171894,Limerick
1527186348,Limerick
1527188116,Down
1527192387,Cork
1527925089,Kerry
1527955603,Limerick
152822159,Kildare
1529004821,Dublin
153043902,Roscommon
153101670,Tipperary
153101671,Tipperary
153103108,Cork
153103110,Cork
1531377774,Limerick
153170854,Waterford
153170866,Waterford
153170872,Waterford
1533203293,Limerick
1533203294,Limerick
1533709808,Sligo
1533710279,Sligo
1533711533,Sligo
1534411934,Limerick
153587336,Tipperary
153610311,Kilkenny
153610316,Kilkenny
153610323,Kilkenny
153610326,Kilkenny
153999169,Kilkenny
153999465,Kilkenny
154243878,Westmeath
154243883,Westmeath
154297476,Cork
154412923,Cork
154416699,Cork
154419465,Cork
154693640,Kilkenny
154843889,Kilkenny
154889557,Kerry
154889574,Kerry
155711730,Tipperary
157028901,Kerry
157028908,Kerry
157028909,Kerry
157329760,Dublin
157691903,Kilkenny
157691905,Kilkenny
157699460,Kilkenny
157708521,Kilkenny
157858240,Kilkenny
157858246,Kilkenny
157858251,Kilkenny
157858258,Kilkenny
157905358,Kerry
157914146,Kerry
158304702,Dublin
158412004,Wicklow
158449393,Cavan
158449395,Cavan
158449396,Cavan
158889349,Kilkenny
158889376,Kilkenny
159015274,Longford
159554234,Galway
159558283,Galway
159558288,Galway
159558292,Galway
159598268,Galway
159599736,Galway
159852020,Wexford
159879657,Wexford
160039303,Wexford
160688169,Galway
160688171,Galway
160719026,Leitrim
160977311,Galway
161419275,Kerry
161923267,Longford
161931433,Longford
162125964,Galway
162125965,Galway
162569103,Cork
162569105,Cork
162569106,Cork
163290296,Westmeath
163454731,Cavan
163620629,Cavan
163735672,Offaly
163961680,Cavan
164060216,Waterford
164247762,Cavan
164247765,Cavan
164247766,Cavan
164253791,Offaly
164253793,Offaly
164253797,Offaly
164338436,Offaly
164341682,Kildare
164352709,Offaly
164358008,Offaly
164389292,Waterford
164414268,Cork
164415516,Cork
164680743,Dublin
164680745,Dublin
164680747,Dublin
164680749,Dublin
165129925,Wexford
165242468,Wexford
165329515,Galway
165499525,Longford
165503299,Waterford
165503300,Waterford
165511838,Waterford
165511840,Waterford
165511842,Waterford
165511846,Waterford
165533989,Offaly
165533991,Offaly
165616245,Cork
165741380,Waterford
166024806,Offaly
166901341,Wexford
167689076,Offaly
167689080,Offaly
168738164,Donegal
168743497,Kilkenny
168743505,Kilkenny
169446999,Westmeath
169447000,Westmeath
169453410,Cork
169453418,Cork
170104460,Galway
170571317,Down
170754646,Offaly
170795751,Cork
171402447,Galway
171847270,Longford
171847271,Longford
171920256,Donegal
171920257,Donegal
171926889,Galway
171970684,Offaly
171970692,Offaly
172083999,Longford
172139467,Down
172139475,Down
172232825,Longford
172232826,Longford
172240871,Longford
172597636,Offaly
172597637,Offaly
172597751,Offaly
172999327,Longford
172999328,Longford
172999330,Longford
173196847,Offaly
173196908,Offaly
173540256,Longford
173540259,Longford
173540261,Longford
173540263,Longford
173870064,Longford
173870066,Longford
173870071,Longford
174378523,Louth
174381146,Louth
174899359,Wicklow
175275279,Westmeath
175275283,Westmeath
175275288,Westmeath
175275295,Westmeath
175378325,Clare
175616333,Meath
175616334,Meath
176411699,Longford
176878874,Longford
177035672,Tyrone
177100270,Sligo
177232871,Fermanagh
177239378,Sligo
177267443,Galway
177287573,Galway
177287598,Galway
177334715,Tyrone
177390149,Galway
177437671,Cork
177474537,Kerry
177512361,Galway
177585445,Galway
177659727,Fermanagh
177661476,Cork
177669264,Cork
177789446,Galway
177789449,Galway
177841563,Longford
177841564,Longford
177841568,Longford
177843045,Longford
177888273,Wicklow
178004424,Galway
178004588,Galway
178019476,Galway
178019478,Galway
178307757,Longford
178307773,Longford
178413701,Longford
178413719,Longford
178491006,Sligo
178560831,Galway
178560977,Galway
178609064,Cork
178660619,Galway
178660990,Galway
178665316,Galway
178665320,Galway
178669054,Galway
178672680,Galway
178703673,Westmeath
179061799,Wicklow
179065600,Longford
179187805,Cork
179364926,Mayo
179415792,Cork
179755873,Sligo
179757167,Sligo
179859092,Cork
179966829,Cork
180160683,Sligo
180160708,Sligo
180176894,Mayo
180176897,Mayo
180184106,Mayo
180184137,Mayo
180184138,Mayo
180184140,Mayo
180184141,Mayo
180184142,Mayo
180632450,Longford
181336196,Donegal
181343635,Tipperary
181343636,Tipperary
181425237,Cork
181517558,Sligo
181517560,Sligo
181726239,Donegal
181814473,Waterford
181814475,Waterford
181919383,Donegal
182212042,Galway
182212119,Galway
182212125,Galway
182212127,Galway
182234970,Donegal
182241844,Donegal
182395433,Dublin
182616926,Cavan
182676964,Cork
182677047,Cork
182677049,Cork
182944834,Cavan
182945763,Cavan
182947674,Cavan
182947675,Cavan
183071014,Cavan
183094638,Longford
183094644,Longford
183094650,Longford
183233874,Sligo
183233877,Sligo
183236679,Wexford
183415781,Tyrone
183488989,Offaly
183656966,Longford
183656972,Longford
183667751,Monaghan
183818400,Cork
183844288,Galway
183844289,Galway
183855204,Cavan
183917323,Monaghan
183931534,Waterford
183931538,Waterford
183931544,Waterford
184084486,Tipperary
184165985,Tipperary
184165987,Waterford
184165988,Cork
184206609,Tipperary
184229293,Longford
184291599,Armagh
184347957,Mayo
184358488,Limerick
184452846,Cork
184546779,Cork
184751731,Cork
184766588,Cork
184767880,Cork
184767886,Cork
184915166,Donegal
184934750,Donegal
185492325,Galway
185531417,Clare
18569262,Antrim
18584062,Antrim
186165577,Cork
186165588,Cork
186165597,Cork
186216236,Cork
186345249,Galway
186555449,Galway
186675524,Galway
186957571,Wexford
187777138,Donegal
188125591,Roscommon
188125593,Roscommon
188133983,Galway
188185737,Cork
188185739,Cork
188185740,Cork
188185745,Cork
188185746,Cork
188185747,Cork
188233050,Galway
188233053,Galway
188233089,Galway
188233091,Galway
188233093,Galway
188233095,Galway
188233096,Galway
188281916,Mayo
188281918,Mayo
18841252,Antrim
18841272,Antrim
18841274,Antrim
188541866,Longford
188660789,Galway
188754966,Galway
188754968,Galway
188754969,Galway
188754970,Galway
188754971,Galway
188829036,Longford
188838555,Longford
188841375,Longford
188841376,Longford
189149517,Wexford
189150258,Sligo
189203157,Mayo
189241006,Mayo
189337648,Mayo
189342508,Mayo
189347900,Mayo
189348987,Mayo
189354525,Mayo
189358477,Mayo
189363474,Mayo
189366490,Mayo
189366494,Mayo
189367933,Mayo
189374796,Galway
189374797,Galway
189377213,Galway
189380029,Galway
189776041,Leitrim
189966862,Kilkenny
189966863,Kilkenny
190675928,Wexford
190679210,Galway
190679424,Galway
191085466,Wexford
191088522,Wexford
191564159,Cork
191789295,Mayo
191850437,Galway
191850439,Galway
191924400,Tipperary
191947081,Tipperary
191947084,Tipperary
191947086,Tipperary
191947561,Tipperary
191947562,Tipperary
191950331,Tipperary
191953270,Limerick
192323123,Wexford
193124404,Donegal
193141751,Limerick
193188080,Galway
193188081,Galway
193379992,Tipperary
193380000,Tipperary
193448427,Donegal
193509428,Roscommon
193674651,Roscommon
193907753,Roscommon
194149760,Galway
194149788,Galway
194149868,Galway
194149869,Galway
194149875,Galway
194185965,Roscommon
194306290,Roscommon
194343304,Carlow
194343433,Carlow
194348291,Roscommon
194369858,Roscommon
194484007,Galway
194484009,Galway
194484011,Galway
194484020,Galway
194486283,Sligo
194572562,Sligo
194572563,Sligo
194572566,Sligo
194686107,Galway
194713864,Galway
194780246,Limerick
194810171,Clare
194810172,Clare
194810174,Clare
194818951,Clare
194818953,Clare
194818954,Clare
194818955,Clare
194818956,Clare
194820107,Fermanagh
194822601,Leitrim
194822613,Leitrim
194823662,Wicklow
194839487,Galway
194839488,Galway
195634153,Mayo
195650800,Galway
195650802,Galway
196693935,Roscommon
196694132,Roscommon
196694135,Roscommon
196694138,Roscommon
196721321,Roscommon
196854774,Tipperary
196858511,Tipperary
197101160,Leitrim
197888953,Dublin
198190112,Sligo
198802413,Galway
199124216,Mayo
199209598,Limerick
199462682,Cork
199462683,Cork
199462684,Cork
199462685,Cork
199462688,Cork
199801157,Galway
199999957,Monaghan
200148960,Donegal
200172933,Galway
200239790,Galway
200282601,Cork
200301491,Galway
200301492,Galway
200342192,Cork
200421251,Mayo
200609537,Cork
200609545,Cork
200624663,Clare
200663095,Wexford
201183224,Cork
201185099,Donegal
201185111,Donegal
201186341,Cork
201186342,Cork
201256426,Cork
201737236,Roscommon
202347907,Wexford
202623970,Westmeath
203358271,Tipperary
203662668,Limerick
203944406,Kilkenny
203944427,Kilkenny
204410886,Sligo
204410887,Sligo
205114548,Cork
205388256,Cavan
205459005,Cavan
205489663,Cavan
205507471,Cavan
205778311,Monaghan
206358710,Cavan
206358716,Fermanagh
206358721,Fermanagh
206358733,Cavan
206377873,Tipperary
206634750,Clare
207308525,Clare
207312959,Donegal
207462255,Mayo
207559644,Clare
207559648,Kerry
207576437,Clare
207599137,Clare
207599491,Clare
207599501,Clare
207736981,Clare
208188471,Clare
208188472,Clare
208188740,Clare
208188743,Clare
208188749,Clare
208189843,Clare
208237849,Clare
208400223,Leitrim
208559866,Donegal
208636664,Donegal
209163003,Kerry
209163005,Kerry
209176711,Mayo
209410349,Kerry
210010180,Kerry
210010181,Kerry
210016825,Kerry
210016834,Kerry
211017965,Kerry
211199540,Limerick
211550044,Londonderry
211550045,Londonderry
212363981,Clare
212364339,Clare
212401631,Westmeath
212849194,Wexford
213120540,Cork
213120545,Cork
213177597,Kerry
213177614,Kerry
213216453,Kerry
213455569,Kerry
213455578,Kerry
213492722,Kerry
213508317,Kerry
213510598,Kerry
215368023,Limerick
215368032,Limerick
215368034,Limerick
215369885,Limerick
215588693,Mayo
215588694,Mayo
215589167,Mayo
215657073,Kerry
216476584,Cork
216517620,Limerick
216956729,Cork
217437887,Clare
217437929,Clare
217543266,Cork
217543267,Cork
217630696,Roscommon
217672072,Kerry
217748538,Kerry
217748553,Kerry
217778183,Kerry
217955430,Clare
217955435,Clare
218360240,Leitrim
218448702,Cavan
218448706,Cavan
218494188,Cavan
218599274,Mayo
218599275,Mayo
218616534,Donegal
218616543,Donegal
218896534,Clare
218901911,Clare
219292366,Wexford
219421524,Westmeath
219438665,Offaly
219438680,Offaly
219467027,Clare
219513851,Roscommon
219574656,Laois
219788331,Offaly
219788338,Offaly
219889914,Laois
219914008,Laois
219914017,Laois
219914020,Laois
219927239,Laois
219927250,Kilkenny
220112564,Tipperary
220283455,Clare
220339895,Tipperary
220402566,Dublin
220402567,Dublin
220489168,Offaly
220489174,Offaly
220490102,Clare
220490103,Clare
220490107,Clare
220531778,Kilkenny
220533063,Westmeath
220567137,Mayo
220595506,Donegal
220882861,Clare
220889698,Clare
220889703,Clare
221380560,Meath
221830908,Wexford
221830949,Wexford
222003262,Monaghan
222316818,Sligo
222316819,Sligo
222650093,Sligo
222708132,Wexford
223057587,Fermanagh
223275977,Mayo
22329731,Cork
223392647,Kilkenny
223399675,Cavan
223399676,Cavan
223670783,Fermanagh
224335049,Roscommon
224356328,Fermanagh
224356335,Fermanagh
225046546,Cork
225111322,Limerick
225111738,Kerry
225114856,Cork
225312250,Fermanagh
225394986,Waterford
225394987,Waterford
22549903,Dublin
225541978,Cavan
225687401,Limerick
226083198,Donegal
226388575,Fermanagh
226430048,Waterford
226644107,Fermanagh
226644108,Fermanagh
227184688,Clare
227234086,Fermanagh
227470757,Clare
227520121,Wicklow
228300768,Kerry
228713222,Dublin
228958662,Kerry
229000207,Kerry
229000208,Kerry
229006158,Wicklow
229288894,Dublin
229884303,Dublin
229884304,Dublin
229884310,Dublin
230473051,Cork
230473064,Cork
230910184,Down
230956431,Dublin
231009718,Monaghan
231009722,Monaghan
231018860,Monaghan
231018863,Monaghan
231028050,Monaghan
231031061,Monaghan
231031070,Monaghan
231031094,Monaghan
231031101,Monaghan
23106245,Dublin
23106247,Dublin
231123084,Tyrone
231123092,Tyrone
231123094,Tyrone
231222176,Kerry
231256264,Monaghan
231352922,Louth
231355365,Louth
231638853,Cork
231638860,Cork
231693637,Tyrone
231725916,Tyrone
231725984,Louth
232166984,Kerry
232167159,Dublin
232526599,Monaghan
232754637,Monaghan
232754638,Monaghan
232801670,Monaghan
232844350,Monaghan
232844352,Monaghan
232875746,Monaghan
233033866,Wexford
233178785,Monaghan
233181744,Monaghan
233181759,Monaghan
233185924,Tipperary
233254140,Offaly
233545024,Fermanagh
234193661,Cork
234414776,Roscommon
234425863,Donegal
234552366,Kerry
234566393,Roscommon
234935880,Wexford
235285936,Louth
235444663,Kilkenny
235623861,Cork
235794072,Galway
235852405,Kildare
236685381,Clare
236723181,Limerick
236951502,Mayo
237051730,Wicklow
237051733,Wicklow
237148419,Mayo
237270882,Galway
237296332,Dublin
237296333,Dublin
23733696,Dublin
237375658,Wexford
237530808,Wicklow
237530818,Wicklow
237530819,Wicklow
237852560,Cork
23789090,Dublin
238242156,Monaghan
238242157,Monaghan
238500682,Cork
238747871,Dublin
239004461,Wicklow
239008250,Wicklow
239264662,Offaly
239573205,Wexford
239584933,Dublin
239584934,Dublin
239844936,Wicklow
239844939,Wicklow
239848470,Carlow
239848475,Carlow
239865032,Cavan
239984503,Laois
240029738,Dublin
240231642,Roscommon
240440967,Monaghan
240440971,Monaghan
241234441,Wicklow
241512964,Wicklow
241512968,Wicklow
241874178,Offaly
241874421,Offaly
242014700,Dublin
242062275,Offaly
242253161,Offaly
242348926,Kerry
242420732,Offaly
242551056,Offaly
242597701,Clare
243041797,Wicklow
243503269,Cavan
243700364,Cavan
243700366,Cavan
243872483,Kerry
244499987,Cavan
244499991,Cavan
244500009,Cavan
244761816,Wexford
244954754,Cavan
244954758,Cavan
244962133,Cavan
244962137,Cavan
245066192,Roscommon
246372475,Kilkenny
246372503,Kilkenny
246824061,Offaly
246824063,Offaly
246880940,Antrim
247632646,Carlow
251061806,Offaly
251867486,Fermanagh
252140292,Tyrone
252337196,Galway
252827396,Cavan
253202679,Cavan
253675275,Meath
254010244,Fermanagh
254078920,Wicklow
254445863,Cavan
255319628,Limerick
255386145,Dublin
255465498,Dublin
255465520,Dublin
255465526,Dublin
255521183,Tyrone
255521184,Tyrone
255526152,Tyrone
255615520,Meath
255618267,Kilkenny
255675954,Kilkenny
255711940,Wicklow
256098297,Wexford
256538984,Monaghan
256538985,Monaghan
257020726,Londonderry
257317326,Dublin
257317333,Dublin
25767356,Galway
257759566,Kerry
25802545,Dublin
258143935,Leitrim
258513478,Westmeath
25857388,Dublin
258806446,Down
258806447,Down
258820183,Down
259243858,Kildare
259243859,Kildare
259891139,Limerick
259912095,Monaghan
259936214,Clare
260465147,Meath
260777316,Armagh
260784102,Fermanagh
260830032,Limerick
260977231,Monaghan
260977244,Monaghan
260980984,Tyrone
26134213,Galway
26134219,Galway
261407194,Fermanagh
261407195,Fermanagh
261661085,Limerick
261739829,Tyrone
261739830,Tyrone
261743326,Tyrone
261859309,Limerick
261859318,Limerick
261918232,Down
261918233,Down
261918234,Down
261930311,Louth
262114489,Fermanagh
262311603,Galway
262317809,Galway
262714556,Limerick
262780734,Galway
262780739,Galway
262940513,Laois
263257424,Carlow
263280958,Westmeath
263417976,Dublin
263417977,Dublin
26343868,Galway
263551671,Kildare
263626407,Meath
263638628,Meath
263638643,Meath
263638651,Meath
263647092,Tyrone
263647093,Tyrone
263647094,Tyrone
263647095,Tyrone
263647342,Meath
263647351,Meath
263675571,Meath
263675578,Meath
263717767,Limerick
263781792,Wicklow
263781793,Wicklow
263781794,Wicklow
263781805,Wicklow
263819977,Louth
263828367,Louth
263828372,Louth
263828378,Louth
263828383,Louth
263828386,Louth
263828391,Louth
263828409,Louth
263838535,Meath
263990465,Kildare
263990473,Kildare
263990474,Kildare
263990475,Kildare
264029635,Tipperary
264120721,Kildare
264120724,Kildare
264120725,Kildare
264163379,Monaghan
264205733,Galway
264215099,Londonderry
264215516,Offaly
264219333,Galway
264274779,Louth
264280256,Louth
264281875,Louth
264288606,Dublin
264288610,Dublin
264288612,Dublin
264302023,Roscommon
264304585,Kildare
264304594,Kildare
264338982,Meath
264340830,Cavan
264340834,Cavan
264353847,Galway
264370574,Kildare
264434996,Louth
264436292,Meath
264439732,Meath
264441906,Roscommon
264454923,Meath
264460042,Meath
264484496,Meath
264519252,Meath
264523341,Meath
264525255,Monaghan
264525263,Monaghan
264525269,Monaghan
264542726,Offaly
264627935,Kildare
264671143,Meath
264888308,Louth
264946646,Louth
264946647,Louth
264963942,Kildare
264963943,Kildare
264963944,Kildare
265235682,Limerick
265235683,Limerick
265235684,Limerick
265636559,Kerry
265724353,Offaly
265725057,Down
265725059,Down
265726538,Offaly
265728432,Roscommon
265728603,Galway
265871265,Kildare
265871275,Kildare
265871276,Kildare
265871277,Kildare
265871278,Kildare
266251272,Kildare
266251295,Kildare
266597358,Kildare
266737057,Offaly
26711003,Dublin
267256202,Fermanagh
267264803,Cavan
267304053,Armagh
267304054,Armagh
267770340,Louth
267770341,Louth
268756178,Leitrim
268783838,Offaly
269216714,Antrim
269598859,Tyrone
269610539,Meath
269963642,Tyrone
269963643,Tyrone
270010643,Offaly
270010644,Offaly
270683489,Kildare
270898540,Cork
271214259,Cavan
271214262,Cavan
271440324,Kildare
271440327,Kildare
271934136,Offaly
271934137,Offaly
272146796,Fermanagh
272504789,Dublin
273018620,Laois
273018623,Laois
27325872,Westmeath
273359546,Dublin
273991329,Dublin
273991332,Dublin
273991333,Dublin
273991334,Dublin
273991338,Dublin
274975878,Meath
274975884,Meath
274975906,Meath
274985647,Cork
275098130,Sligo
275365613,Dublin
275509603,Dublin
275509607,Dublin
275509609,Dublin
275871405,Dublin
276125387,Dublin
276514581,Cork
276517263,Donegal
277081959,Clare
277478879,Offaly
277478881,Offaly
277478883,Offaly
277584199,Dublin
277584211,Dublin
277667454,Wexford
277702017,Cork
277702023,Cork
277767247,Waterford
277858184,Tipperary
277863290,Galway
278007279,Mayo
278079192,Galway
278211027,Galway
278220586,Galway
278221733,Galway
278264758,Mayo
278280376,Mayo
278285881,Mayo
278327389,Roscommon
278327397,Roscommon
278510059,Galway
278521682,Tipperary
278521690,Tipperary
278527923,Clare
278883237,Galway
279533512,Dublin
279533513,Dublin
279547947,Dublin
279765590,Kilkenny
279804221,Cork
279822464,Roscommon
279822472,Roscommon
279966708,Mayo
280512537,Tipperary
281184957,Dublin
282903991,Kerry
283098185,Limerick
283107918,Tipperary
283115806,Londonderry
283396543,Limerick
283562564,Wexford
283586288,Limerick
283620697,Tipperary
283620699,Tipperary
283791413,Limerick
28406808,Galway
28411235,Meath
284277209,Limerick
284832491,Fermanagh
284983217,Mayo
285221660,Kerry
285252843,Louth
28568272,Wexford
28570544,Wexford
285735333,Kildare
285735337,Kildare
285823906,Dublin
286186947,Laois
286186951,Laois
286265604,Cork
286265628,Cork
286303054,Londonderry
286442713,Leitrim
28676302,Galway
286814429,Offaly
287019720,Armagh
287019739,Armagh
287697455,Louth
287698659,Armagh
287698661,Armagh
287698662,Armagh
28776716,Dublin
288095520,Cavan
288183245,Galway
288183254,Galway
288183255,Galway
288183256,Galway
288780384,Limerick
288896509,Mayo
289242798,Westmeath
290183232,Cork
290249273,Fermanagh
290249274,Fermanagh
290403959,Cavan
290623771,Galway
291774230,Londonderry
292183770,Tipperary
292183772,Tipperary
292230507,Cavan
292484783,Westmeath
292660553,Antrim
292660573,Antrim
292660574,Antrim
292701775,Limerick
293117065,Mayo
293163229,Meath
293642469,Cork
294195198,Limerick
294492757,Kildare
294492762,Kildare
294598757,Dublin
29495941,Dublin
295020455,Offaly
295020654,Offaly
295020657,Offaly
295120335,Cork
295120732,Cork
295249622,Dublin
295824084,Offaly
296190267,Offaly
296628571,Dublin
296628749,Dublin
296628852,Dublin
297179114,Down
297761738,Meath
299084353,Down
299490800,Antrim
299747247,Wicklow
299862740,Carlow
299862745,Carlow
299891290,Wicklow
299974091,Antrim
299976310,Antrim
299976313,Antrim
300332973,Antrim
300979195,Westmeath
301472088,Meath
301670827,Westmeath
301670828,Westmeath
302041548,Kilkenny
302041551,Kilkenny
302578573,Limerick
302717500,Cork
303051434,Clare
30342539,Kildare
303789831,Dublin
303858245,Waterford
304163220,Galway
304163221,Galway
304214757,Dublin
304214766,Dublin
304214771,Dublin
304494527,Westmeath
304494529,Westmeath
304720995,Dublin
304834128,Westmeath
304834129,Westmeath
304834130,Westmeath
305296985,Kildare
305545627,Meath
306141595,Tyrone
306496983,Kildare
307050597,Fermanagh
307055774,Fermanagh
307055776,Fermanagh
307055778,Fermanagh
307055781,Fermanagh
307056378,Fermanagh
307200925,Fermanagh
307440001,Galway
307624774,Kerry
307810821,Offaly
308111495,Antrim
308112603,Antrim
308113440,Antrim
308626997,Londonderry
308628123,Armagh
308636257,Tyrone
308963855,Tyrone
308963856,Tyrone
309666076,Westmeath
309756552,Mayo
309853433,Westmeath
309853434,Westmeath
309881113,Donegal
31002705,Kildare
310066858,Offaly
310066859,Offaly
310863151,Kilkenny
311601525,Antrim
311601526,Antrim
311765117,Tipperary
311848500,Limerick
311848501,Limerick
31322396,Cork
31323278,Cork
31327647,Cork
313297684,Tyrone
313297685,Tyrone
313297686,Tyrone
31340043,Cork
31340075,Cork
31340082,Cork
31340091,Cork
313461715,Kerry
31363828,Cork
31363830,Cork
31363961,Cork
313689712,Dublin
313689714,Dublin
314076146,Donegal
314076147,Donegal
31408091,Cork
31408103,Cork
31408116,Cork
314436941,Londonderry
314436942,Londonderry
31455060,Cork
314637357,Tipperary
31468186,Cork
315134918,Kerry
315135761,Kerry
315705746,Sligo
316156948,Cork
316266825,Wicklow
316311790,Dublin
316538696,Meath
316538698,Meath
31673028,Dublin
316737198,Wicklow
316776929,Dublin
316776930,Dublin
316776931,Dublin
317234000,Limerick
317592780,Limerick
318728303,Limerick
318865917,Down
318877403,Down
318879024,Down
319388600,Wicklow
319619254,Dublin
320032407,Kildare
320032409,Kildare
320035791,Laois
320169756,Laois
320564220,Tipperary
322945116,Galway
322945127,Galway
323445092,Cavan
32565652,Meath
326294255,Tyrone
326294256,Tyrone
327862796,Cavan
327862799,Cavan
328142258,Armagh
328152318,Armagh
328152320,Armagh
328188377,Kildare
328188378,Kildare
328258998,Armagh
328259408,Armagh
328261823,Mayo
329131865,Dublin
329131866,Dublin
329132459,Dublin
329132462,Dublin
329132652,Dublin
329132653,Dublin
329466726,Antrim
329466729,Antrim
329748068,Cavan
329748069,Cavan
329748071,Cavan
329781259,Cavan
329781261,Cavan
32993212,Cork
329963896,Cork
329986496,Cavan
329986499,Cavan
330086119,Cavan
330451881,Cavan
330451889,Cavan
330521359,Cavan
330521363,Cavan
330789799,Tyrone
330789800,Tyrone
330789802,Tyrone
330799859,Tyrone
330823579,Tyrone
330823583,Tyrone
330823584,Tyrone
331092054,Clare
331092183,Roscommon
331266142,Cavan
33146525,Laois
331708410,Galway
332070675,Tyrone
332070676,Tyrone
332070677,Tyrone
333869550,Meath
334969360,Kerry
334969361,Kerry
335285352,Roscommon
335294374,Cavan
335360563,Roscommon
335735449,Londonderry
335735458,Londonderry
335791560,Down
335791571,Down
336888234,Down
336888235,Down
33696347,Dublin
337500305,Cavan
337500308,Cavan
337500311,Cavan
338180765,Cork
338475137,Londonderry
338475139,Londonderry
338712379,Roscommon
33910321,Dublin
33911485,Dublin
33911486,Dublin
33911613,Dublin
340116345,Dublin
340116504,Dublin
340116776,Dublin
340116777,Dublin
340116779,Dublin
340116781,Dublin
340244445,Kerry
340289757,Louth
340601943,Louth
340601948,Louth
34108175,Kildare
34145220,Kildare
342283498,Mayo
34235494,Tipperary
34442312,Cork
344585687,Galway
344585688,Galway
34659478,Galway
34729983,Wicklow
34765926,Kildare
347974036,Cork
347983262,Roscommon
34921969,Waterford
349888076,Clare
34993853,Dublin
350688565,Roscommon
350915084,Cork
352923327,Mayo
352989862,Roscommon
35305789,Waterford
353278266,Sligo
35419916,Dublin
354960906,Sligo
354960910,Sligo
357192678,Cavan
35784816,Cork
35834677,Laois
358492415,Tipperary
358492428,Tipperary
359873984,Galway
361042422,Clare
361378551,Kerry
361578742,Cork
362467098,Meath
362636413,Armagh
365533331,Leitrim
365533332,Leitrim
366473113,Leitrim
366473150,Leitrim
367165419,Tyrone
367165680,Westmeath
367165830,Cork
367355096,Cork
367418191,Leitrim
367454864,Dublin
368476905,Leitrim
370264508,Leitrim
371178582,Armagh
372592773,Galway
372758105,Monaghan
373349969,Cavan
374405479,Dublin
374982810,Meath
374982811,Meath
374987456,Meath
375562697,Dublin
376392466,Mayo
376511714,Dublin
376514317,Tipperary
376516751,Tipperary
376985395,Mayo
377224632,Cavan
377236162,Cavan
377713466,Dublin
379134939,Armagh
379134941,Armagh
379622810,Cork
379991138,Monaghan
379991139,Monaghan
380818008,Antrim
380818009,Antrim
38152575,Waterford
381836649,Cavan
384422361,Tipperary
384422362,Tipperary
384662315,Carlow
384662316,Carlow
384963395,Tipperary
385593928,Londonderry
385710751,Galway
385930334,Tipperary
385931021,Tipperary
385931022,Tipperary
386266274,Tipperary
386266511,Tipperary
386841353,Cavan
387426465,Armagh
388040558,Limerick
388040559,Limerick
388599310,Limerick
388769074,Roscommon
388769075,Roscommon
388918582,Limerick
389415769,Kildare
389424355,Wicklow
389424359,Wicklow
389438025,Kildare
389438026,Kildare
389438027,Kildare
389438028,Kildare
389713643,Down
389757452,Roscommon
38992885,Dublin
391475685,Londonderry
391475687,Londonderry
391527346,Meath
392052791,Mayo
39236969,Waterford
39236986,Waterford
392535122,Offaly
392535123,Offaly
392597966,Down
393244463,Down
393244464,Down
393607715,Galway
39472462,Dublin
39472466,Dublin
394886037,Kildare
397278050,Offaly
397278051,Offaly
397278052,Offaly
397278053,Offaly
397278054,Offaly
397278055,Offaly
397278056,Offaly
397278057,Offaly
397278058,Offaly
397278059,Offaly
397509499,Laois
397509500,Laois
397509501,Laois
397509504,Laois
397509505,Laois
397509506,Laois
397509507,Laois
397509509,Laois
397509510,Laois
397509511,Laois
397509512,Laois
397509513,Laois
397509514,Laois
397509515,Laois
397509516,Laois
397509519,Laois
397509520,Laois
397509522,Tipperary
397509524,Laois
397509527,Laois
397509528,Laois
398012865,Limerick
398012867,Limerick
398012869,Limerick
398157694,Limerick
398385611,Kildare
398385612,Kildare
398385614,Kildare
398385615,Kildare
398385617,Kildare
398385619,Kildare
398385622,Meath
398385623,Meath
398385624,Meath
398385625,Kildare
398385626,Kildare
398385627,Kildare
398385629,Kildare
398385630,Kildare
398385632,Kildare
398385633,Kildare
398385634,Kildare
398385635,Kildare
398385637,Kildare
398385638,Kildare
398385639,Kildare
398385640,Kildare
398385641,Kildare
398385642,Kildare
398385644,Kildare
398385645,Kildare
398385647,Kildare
398385648,Kildare
398385649,Kildare
398385650,Kildare
398385651,Kildare
398385652,Kildare
398385653,Kildare
398553686,Carlow
398553687,Carlow
398553688,Carlow
398553689,Carlow
398553690,Carlow
398553691,Carlow
398553692,Carlow
398553694,Carlow
398553695,Carlow
398553696,Carlow
398553697,Kilkenny
398553699,Carlow
398553700,Carlow
398553701,Carlow
398553704,Carlow
398553705,Carlow
398553706,Carlow
398553708,Carlow
398553709,Carlow
398553711,Carlow
398553712,Carlow
398553714,Carlow
398553716,Carlow
398553718,Carlow
398553719,Carlow
398553721,Carlow
398553723,Carlow
398553725,Carlow
398553726,Carlow
398624031,Limerick
398624070,Limerick
398912103,Tipperary
399444213,Cork
399543484,Meath
399556438,Limerick
399996016,Antrim
401695625,Cork
401695626,Cork
401696705,Tyrone
401696886,Tipperary
401697011,Antrim
401697373,Down
401697852,Cork
402053213,Waterford
402160908,Cork
402190260,Waterford
403303031,Dublin
403647301,Tipperary
40379889,Waterford
40379893,Waterford
404211267,Galway
404211278,Galway
404642315,Mayo
405103264,Cork
405104371,Cork
40525561,Dublin
405504905,Mayo
405683476,Cork
40637361,Dublin
40637362,Dublin
406800499,Mayo
407204905,Dublin
40812066,Dublin
408752934,Westmeath
408896068,Westmeath
408896070,Westmeath
408897198,Westmeath
410282232,Dublin
411649479,Wicklow
411729160,Westmeath
411729786,Westmeath
411776437,Westmeath
411782332,Westmeath
411793025,Westmeath
41264717,Limerick
414651966,Kerry
414651967,Kerry
416425997,Galway
416425998,Galway
417964822,Galway
419240972,Londonderry
42111715,Limerick
421492096,Cork
421492097,Cork
421550596,Monaghan
421696824,Armagh
423983513,Cavan
42737547,Waterford
427587138,Galway
427795619,Cavan
428490897,Tyrone
428656803,Cork
428791407,Tyrone
42998955,Cork
430795254,Kerry
431018461,Kerry
431194627,Sligo
431194628,Sligo
431194629,Sligo
432594102,Wicklow
432594103,Wicklow
432594104,Wicklow
432601572,Wicklow
432601585,Wicklow
432959419,Galway
433023953,Galway
433037681,Fermanagh
433425482,Kerry
433801811,Meath
433801812,Meath
433801813,Meath
43411987,Clare
434519817,Dublin
434519821,Dublin
435383621,Mayo
436149408,Sligo
43632985,Limerick
436408013,Cork
436588303,Dublin
438074683,Tipperary
438506037,Fermanagh
438506930,Wicklow
438506931,Wicklow
438506932,Wicklow
439428339,Cork
439428340,Cork
440183249,Westmeath
44029388,Waterford
440867616,Dublin
440867617,Dublin
440867618,Dublin
440867619,Dublin
440867620,Dublin
440867621,Dublin
441133443,Kilkenny
441133444,Kilkenny
441133445,Kilkenny
44154919,Waterford
44157954,Waterford
444354986,Wexford
444445934,Wexford
444445935,Wexford
444445936,Wexford
445033984,Mayo
445134204,Dublin
445174992,Dublin
445174993,Dublin
44578685,Limerick
445881792,Kerry
445881793,Kerry
445918648,Mayo
446115506,Cavan
446115514,Cavan
446602135,Tyrone
448123648,Dublin
448123651,Dublin
448123652,Dublin
448123654,Dublin
448123656,Dublin
45148896,Waterford
453511865,Cork
453578625,Mayo
4541251,Dublin
455954408,Donegal
455954486,Donegal
456348618,Meath
457718744,Londonderry
45792200,Waterford
45842437,Waterford
462608484,Louth
462868065,Wicklow
463215567,Louth
463279769,Meath
463373353,Sligo
463644106,Mayo
463714354,Clare
463882992,Kerry
464364155,Galway
466630936,Meath
467161469,Laois
467161471,Laois
467178308,Tipperary
467178309,Tipperary
467178310,Tipperary
467178311,Tipperary
46725431,Wexford
46725454,Wexford
469485063,Kilkenny
470496080,Tipperary
470496086,Tipperary
471461137,Mayo
472419227,Mayo
472419228,Mayo
473016126,Antrim
473080770,Cavan
473080771,Cavan
473786880,Tipperary
474194555,Kerry
474211346,Kildare
474213282,Kildare
47481793,Galway
475519165,Wicklow
47816130,Dublin
48052011,Dublin
481614967,Meath
481636942,Louth
482087034,Dublin
482087057,Dublin
482750590,Offaly
483091713,Limerick
483229527,Cork
484814398,Dublin
485005226,Dublin
487680727,Armagh
488207383,Limerick
488355772,Cork
488355773,Cork
488672170,Waterford
48999634,Dublin
490171426,Cork
490171438,Cork
490317028,Londonderry
490317529,Londonderry
490317533,Londonderry
490602126,Cork
490990016,Cork
491438230,Cork
491438231,Cork
492790491,Dublin
492790492,Dublin
492790494,Dublin
493035599,Dublin
493466418,Antrim
49405154,Westmeath
494400233,Wicklow
494790715,Kilkenny
494790716,Kilkenny
494790717,Kilkenny
494790718,Kilkenny
494790719,Kilkenny
494790720,Kilkenny
495081647,Kildare
49577162,Dublin
496306583,Dublin
49711608,Waterford
49728178,Dublin
49728189,Dublin
49728192,Dublin
49849461,Kilkenny
49933609,Kildare
49989847,Cork
49989965,Cork
49989967,Cork
50005617,Dublin
500211232,Leitrim
500380369,Meath
500401977,Dublin
500415455,Dublin
500417277,Dublin
500423586,Meath
500423587,Meath
500423588,Meath
500425491,Wicklow
500844962,Down
500844963,Down
502426964,Antrim
502777795,Antrim
503179993,Dublin
503563662,Kerry
503777906,Waterford
504739957,Sligo
504744166,Waterford
505080773,Down
505272397,Kerry
50577436,Dublin
50577437,Dublin
50577438,Dublin
50577439,Dublin
505780373,Monaghan
505973054,Monaghan
506580631,Kerry
507427466,Limerick
507427468,Limerick
507810718,Wexford
508017588,Cork
508017589,Cork
508017590,Cork
508030764,Meath
50835189,Waterford
508915730,Cork
509215784,Louth
509223634,Dublin
509316316,Meath
509828922,Wexford
510580210,Wexford
510766512,Tipperary
51099828,Dublin
511590859,Wexford
511590860,Wexford
511590861,Wexford
511590862,Wexford
51179757,Wicklow
512052182,Meath
512052183,Meath
512403706,Galway
512692350,Galway
513157190,Wexford
513157191,Wexford
513157195,Wexford
513157196,Wexford
513157200,Wexford
51334107,Dublin
51334108,Dublin
51334110,Dublin
514010672,Cork
514821695,Cork
51516098,Dublin
51516100,Dublin
51516101,Dublin
51516103,Dublin
516646245,Dublin
516646246,Dublin
516658565,Dublin
516750084,Cork
516750085,Cork
51677971,Kilkenny
517206652,Cork
51732025,Waterford
51732026,Waterford
51732717,Dublin
517535996,Longford
517535997,Longford
517710860,Antrim
518340489,Dublin
519431919,Wexford
519431920,Wexford
519460186,Cork
519554583,Kilkenny
52019568,Cork
52355795,Galway
525146655,Cork
527658308,Dublin
52876202,Kildare
53102512,Dublin
531039316,Kildare
531486262,Laois
533371363,Dublin
533371364,Dublin
533371365,Dublin
534858275,Tipperary
53493320,Clare
535324460,Londonderry
536060420,Wexford
536200515,Donegal
536313617,Kildare
536313620,Kildare
536941064,Londonderry
536941065,Londonderry
536941067,Londonderry
537184037,Londonderry
539417788,Wicklow
539826660,Cork
54183126,Dublin
543789308,Mayo
543791422,Mayo
543791424,Mayo
543791427,Mayo
543911220,Armagh
544401785,Dublin
545367776,Antrim
545367777,Antrim
545711527,Meath
54774071,Dublin
548899592,Tipperary
548899593,Tipperary
54978252,Kildare
550177610,Tyrone
550487021,Down
550487022,Down
550487023,Down
55142054,Antrim
55142064,Antrim
553109910,Armagh
553109912,Armagh
553225814,Cork
554060418,Down
555424422,Cork
555973627,Antrim
555973628,Antrim
555973631,Antrim
556005219,Antrim
556137157,Leitrim
556773487,Down
559473866,Dublin
559778054,Meath
56046594,Kildare
560753472,Dublin
560753473,Dublin
560753474,Dublin
560753475,Dublin
562581062,Dublin
56304910,Kilkenny
56304941,Kilkenny
56304942,Kilkenny
56304950,Kilkenny
564099741,Dublin
564670383,Tyrone
564724322,Tyrone
564724323,Tyrone
56488403,Offaly
570270624,Meath
571349339,Down
571354290,Dublin
571477564,Meath
572837000,Monaghan
574497943,Waterford
574808743,Wexford
575037774,Armagh
575650879,Dublin
575994412,Antrim
576788565,Tyrone
577520144,Tipperary
57787743,Dublin
57805543,Dublin
57938886,Wexford
57978618,Offaly
580929220,Cork
580929222,Cork
580929224,Cork
58198186,Cork
58198187,Cork
58198188,Cork
58198192,Cork
58266196,Waterford
58266252,Waterford
583055136,Monaghan
583055143,Monaghan
583055144,Monaghan
583353314,Tipperary
584004955,Antrim
58463378,Offaly
58529863,Offaly
587477974,Antrim
587477976,Antrim
587945445,Tyrone
589969692,Tipperary
590500660,Dublin
59519703,Down
600883855,Kildare
600886574,Dublin
602925643,Fermanagh
602941283,Fermanagh
603169510,Armagh
603990579,Antrim
60441906,Dublin
604900273,Fermanagh
609851610,Donegal
61094196,Dublin
61094197,Dublin
612123350,Cork
612123351,Cork
612746792,Meath
612746793,Meath
613506518,Tipperary
614449102,Mayo
614702548,Tipperary
614708559,Tipperary
614708560,Tipperary
614968856,Waterford
615387037,Limerick
615387043,Limerick
615604872,Limerick
616251289,Waterford
617433394,Cork
618010517,Cork
618010518,Cork
618310000,Kerry
619109996,Cork
619109997,Cork
619761402,Cork
619911747,Cork
620621170,Tipperary
620870247,Cork
620870248,Cork
620870251,Cork
620870252,Cork
620904364,Galway
620969767,Louth
620979543,Galway
621435627,Cork
621851044,Galway
62201628,Longford
622029247,Mayo
62244203,Donegal
623893076,Armagh
624073761,Kerry
625028755,Cork
625998408,Cork
626396831,Down
626491517,Down
627043455,Wexford
629588753,Clare
629588754,Clare
63131847,Laois
63131992,Laois
631673606,Louth
631673607,Louth
632233281,Louth
632422914,Louth
632422917,Louth
632701546,Mayo
632736700,Kildare
632736701,Kildare
632736702,Kildare
632736703,Kildare
633081905,Louth
63374004,Laois
633811850,Laois
633811851,Laois
633811852,Laois
633811853,Laois
633811854,Laois
633811855,Laois
634579582,Kildare
635333155,Offaly
63544144,Laois
636473227,Kilkenny
637856575,Leitrim
639403816,Down
639405213,Londonderry
639777518,Cork
639777519,Cork
639777523,Cork
641097746,Leitrim
641378691,Tipperary
641393181,Cork
641411590,Tipperary
641843107,Down
642829923,Kilkenny
642829927,Kilkenny
643139311,Dublin
643139312,Dublin
643139313,Dublin
643139314,Dublin
643139315,Dublin
64361097,Laois
64738776,Laois
647734537,Dublin
648256293,Cork
648289135,Down
648289155,Down
64877624,Laois
650726995,Cork
651702229,Cork
651751818,Dublin
651751819,Dublin
651751820,Dublin
651751821,Dublin
651751822,Dublin
651945300,Cork
652491990,Westmeath
655014214,Tyrone
656475469,Londonderry
656579667,Armagh
656705198,Londonderry
658700783,Tipperary
659141588,Kildare
659141589,Kildare
659151011,Kilkenny
660546750,Limerick
661165119,Cork
66156115,Donegal
661836477,Dublin
662530161,Tipperary
663499172,Cork
66390018,Laois
664395052,Cork
66609016,Dublin
666206995,Kerry
66626569,Laois
666651271,Waterford
666651272,Waterford
668062408,Dublin
668138531,Londonderry
668272878,Donegal
668272880,Donegal
668272882,Donegal
668980575,Dublin
668980576,Dublin
66969555,Laois
669935018,Londonderry
669935027,Tyrone
670245633,Antrim
670438145,Londonderry
670438146,Londonderry
670670953,Limerick
670670955,Limerick
670690756,Londonderry
670963574,Kilkenny
670963575,Kilkenny
671090207,Laois
671112015,Cork
671294328,Antrim
672508287,Monaghan
67263507,Carlow
673088828,Waterford
673088829,Waterford
673884588,Antrim
67398116,Dublin
67398139,Dublin
67398140,Dublin
67398144,Dublin
67398153,Dublin
67398755,Clare
67407292,Clare
67425540,Laois
674402017,Armagh
675438965,Armagh
675735962,Dublin
675735967,Dublin
675735968,Dublin
676048438,Tyrone
676238884,Cork
676545197,Armagh
676612762,Armagh
676825737,Wexford
676825738,Wexford
676831315,Wexford
676831316,Wexford
676831317,Wexford
676837090,Wexford
676970983,Dublin
676970984,Dublin
678131095,Cork
678850700,Cork
679034689,Cork
679306986,Monaghan
680143468,Waterford
680143469,Waterford
680143470,Waterford
680143476,Waterford
680143477,Waterford
680143478,Waterford
680143479,Waterford
680143494,Waterford
680143496,Waterford
680143497,Waterford
680690636,Cork
680690637,Cork
680690638,Cork
680693845,Cork
680908741,Cork
681494714,Cork
681494715,Cork
681494716,Cork
681614143,Londonderry
681614144,Londonderry
681614145,Londonderry
682071804,Armagh
682071806,Armagh
682165910,Armagh
682176311,Wexford
682176312,Wexford
682176313,Wexford
682177917,Wexford
682177918,Wexford
682177922,Wexford
682177924,Wexford
682177925,Wexford
682180593,Wexford
682180594,Wexford
682180595,Wexford
682180598,Wexford
682180599,Wexford
682314004,Dublin
682316253,Armagh
682316254,Armagh
68233620,Dublin
682650809,Londonderry
682848979,Londonderry
682848980,Londonderry
683001717,Armagh
683218339,Armagh
683230783,Armagh
683324378,Armagh
683613696,Meath
683896557,Kilkenny
684101606,Cork
684159703,Londonderry
684159704,Londonderry
684605460,Antrim
684605461,Antrim
684881680,Armagh
685131180,Armagh
68543261,Laois
68584617,Mayo
68584620,Mayo
68584621,Mayo
685932723,Londonderry
685932724,Londonderry
68640750,Cork
68640754,Cork
68640761,Cork
687024603,Wexford
687599926,Wicklow
687973742,Armagh
688038044,Antrim
688432048,Londonderry
688650747,Dublin
688921622,Sligo
688921624,Sligo
689065216,Cork
689137417,Cork
689356576,Down
689886849,Cork
68996648,Laois
690500271,Cork
690675210,Cork
690675212,Cork
690675213,Cork
690727050,Waterford
691184730,Cork
691184732,Cork
691184734,Cork
691526273,Londonderry
691703853,Cork
691703854,Cork
691952762,Kildare
692609130,Londonderry
693838568,Fermanagh
693838569,Fermanagh
693838570,Fermanagh
693838571,Fermanagh
693838574,Fermanagh
695653691,Cork
69597433,Dublin
696459870,Londonderry
696459871,Londonderry
696952356,Cork
696952357,Cork
698883069,Westmeath
701061451,Cork
701079098,Cork
703030440,Cork
70390602,Dublin
70425135,Galway
704432193,Dublin
705413201,Tipperary
705413206,Tipperary
705718333,Cork
706172509,Sligo
706193745,Galway
706194281,Clare
706194282,Clare
706194283,Clare
706352869,Cork
70738408,Dublin
70738463,Dublin
70738673,Dublin
707725175,Wexford
707725176,Wexford
708435680,Cork
708435686,Cork
70847742,Cork
70935360,Laois
711615111,Cork
712336309,Wexford
712336310,Wexford
71417879,Cork
71417881,Cork
715028344,Mayo
716703219,Kilkenny
716732625,Cork
71801722,Waterford
719415292,Leitrim
719669872,Louth
719669875,Louth
72001870,Dublin
722547038,Galway
72277851,Waterford
723214355,Wexford
723214356,Wexford
723517314,Cork
723737110,Dublin
723737111,Dublin
724479735,Dublin
724479736,Dublin
724479737,Dublin
724479738,Dublin
724598054,Meath
724598058,Meath
72502216,Londonderry
725179052,Roscommon
72596516,Waterford
727999994,Cork
72928205,Waterford
729927018,Cork
730020074,Monaghan
73286846,Cork
73286849,Cork
73286851,Cork
738687426,Tyrone
738687427,Tyrone
738687428,Tyrone
74336648,Kildare
743774843,Cork
74413663,Kilkenny
744176007,Antrim
744176730,Antrim
744388548,Cork
744480633,Kilkenny
744480634,Kilkenny
74584998,Cork
74584999,Cork
746126229,Down
746503408,Down
747082980,Armagh
747082981,Armagh
74798728,Cork
749019472,Kildare
749019473,Kildare
749019474,Kildare
749352363,Cork
749352364,Cork
749352366,Cork
749352367,Cork
751062247,Galway
75142934,Waterford
753077462,Limerick
753677738,Cork
754332369,Kilkenny
754591605,Sligo
755017792,Kilkenny
756390528,Kilkenny
756771169,Kilkenny
757033785,Kilkenny
757674344,Kilkenny
75780893,Waterford
758173883,Wexford
758393556,Limerick
758453700,Kilkenny
758612943,Cork
75861862,Dublin
75861886,Dublin
75861908,Dublin
759044177,Carlow
759167530,Kilkenny
75918620,Cork
75918623,Cork
75918625,Cork
75918627,Cork
75918629,Cork
759408827,Tipperary
760262282,Kilkenny
760944833,Wexford
760944834,Wexford
761346137,Sligo
762036901,Waterford
762054768,Waterford
762076973,Waterford
762536467,Waterford
764252279,Sligo
765126180,Sligo
765830002,Londonderry
765830004,Londonderry
766123021,Wexford
766771683,Kilkenny
766771684,Kilkenny
766857120,Kilkenny
76739314,Dublin
769133101,Wexford
769134622,Wexford
769387802,Sligo
769440452,Kilkenny
769617212,Carlow
769907315,Limerick
770009341,Tipperary
770009342,Tipperary
770032809,Tipperary
770032810,Tipperary
770041883,Carlow
770071339,Tipperary
770252443,Kildare
77158851,Cork
77158862,Cork
77158888,Cork
77158891,Cork
771646598,Cork
771758723,Tipperary
771943644,Galway
772928069,Kildare
773806581,Cork
774601497,Galway
774601498,Galway
774603601,Galway
774603602,Galway
778324707,Sligo
779008628,Londonderry
779943966,Mayo
781866716,Waterford
781900730,Waterford
783017165,Carlow
783481901,Carlow
784201660,Carlow
787298888,Limerick
789148185,Waterford
789148187,Waterford
791812222,Down
791812223,Down
791812224,Down
79291124,Sligo
793331888,Dublin
795398900,Armagh
795398901,Armagh
795398902,Armagh
795628199,Down
796441908,Armagh
796441909,Armagh
79661264,Cork
796667237,Meath
798271798,Dublin
798553941,Waterford
798553942,Waterford
798989458,Wexford
798989459,Wexford
798989460,Wexford
800505817,Waterford
8025628,Dublin
8026074,Dublin
8026075,Dublin
80297600,Dublin
804448085,Kerry
80457142,Cork
804965009,Antrim
80563585,Sligo
80728560,Cork
80728562,Cork
80728563,Cork
807373148,Sligo
807551844,Tyrone
807600532,Armagh
807600533,Armagh
807750461,Waterford
807750462,Waterford
807750464,Waterford
809125297,Cork
809926701,Londonderry
809934189,Antrim
809934190,Antrim
809934191,Antrim
809934192,Antrim
812645061,Galway
813240109,Dublin
813240111,Dublin
813252141,Dublin
813252143,Dublin
813919033,Down
813920252,Down
814009402,Cork
81492636,Dublin
815061693,Leitrim
819158945,Limerick
819173474,Limerick
819173475,Limerick
819181186,Limerick
81982680,Laois
819993567,Westmeath
820010444,Laois
820010445,Laois
820010448,Laois
823086837,Tipperary
823097026,Tipperary
823561706,Laois
823692500,Tipperary
823835736,Dublin
823837197,Dublin
823907373,Tipperary
824024621,Dublin
824615363,Cork
824615366,Cork
825476996,Tipperary
82559645,Cork
82559658,Cork
82561204,Cork
82561205,Cork
82561206,Cork
827689208,Mayo
827961181,Kilkenny
827961183,Kilkenny
828128597,Cork
828128598,Cork
828128599,Cork
828138742,Galway
828146478,Waterford
828154225,Monaghan
828154226,Monaghan
828154871,Meath
828156296,Kildare
828156297,Kildare
828156298,Kildare
828160666,Cork
828176538,Mayo
828235805,Waterford
828238911,Roscommon
828259819,Cork
828914068,Kildare
828914069,Kildare
828914070,Kildare
830437449,Cork
830437450,Cork
830437451,Cork
830867685,Tipperary
830910351,Tipperary
832544308,Tipperary
832544309,Tipperary
835061102,Meath
835061103,Meath
83548421,Galway
837449176,Meath
837449177,Meath
838200544,Meath
838218282,Meath
838828965,Galway
839359962,Dublin
83939596,Laois
83939606,Laois
839404282,Waterford
839404283,Waterford
839431766,Dublin
840647578,Waterford
842102438,Waterford
84272564,Wexford
842823325,Antrim
843616857,Waterford
843616858,Waterford
843616859,Waterford
843616860,Waterford
843954699,Meath
844360293,Offaly
84668782,Wicklow
846909523,Limerick
846987131,Waterford
849876545,Kerry
850213474,Kerry
850918981,Cork
851257225,Tipperary
851654006,Tipperary
851926892,Limerick
852048422,Laois
852171568,Limerick
852321209,Cork
853352568,Limerick
853352576,Limerick
853491307,Dublin
853491308,Dublin
853491309,Dublin
854001151,Galway
854248021,Limerick
854248022,Limerick
854302627,Roscommon
854302628,Roscommon
854870809,Tipperary
855652689,Mayo
856460109,Limerick
856460114,Limerick
857365776,Down
857499725,Londonderry
857848000,Dublin
858229691,Mayo
858521100,Offaly
858521101,Offaly
858689205,Mayo
859364778,Cork
859810384,Down
859810386,Down
861057109,Limerick
861227509,Down
862056296,Tipperary
862312977,Down
86250710,Meath
863539047,Cork
863893515,Tipperary
864607359,Tipperary
864679149,Down
864679150,Down
864679152,Down
865035846,Tipperary
865264597,Donegal
865264601,Donegal
865264615,Donegal
865264616,Donegal
865264617,Donegal
865264620,Donegal
865375253,Tipperary
866340845,Donegal
866445052,Wexford
866809388,Tipperary
870449256,Down
871466488,Down
871466490,Down
871576996,Dublin
871645515,Cork
871699304,Limerick
87237433,Sligo
872776927,Louth
872776928,Louth
873145434,Down
87387301,Kildare
87387312,Kildare
87387316,Kildare
87387322,Kildare
874216966,Laois
874216967,Laois
87427826,Kerry
874706524,Meath
874706525,Meath
87471907,Sligo
875606688,Antrim
875920066,Wexford
88092777,Sligo
881578374,Cork
881578402,Cork
881578403,Cork
882402248,Down
882539801,Dublin
88267909,Kildare
88267912,Kildare
88267917,Kildare
88283008,Kildare
884452828,Kildare
88450346,Kildare
88450353,Kildare
886481085,Cork
886481094,Cork
886481112,Cork
886481118,Cork
88670551,Sligo
88740901,Meath
88740929,Meath
88740945,Meath
887461500,Tipperary
888243041,Kerry
88948545,Kildare
88948555,Kildare
88948563,Kildare
88948567,Kildare
889578022,Cork
889578023,Cork
889578024,Cork
889578025,Cork
892861653,Kilkenny
89356002,Sligo
89360921,Sligo
89373150,Sligo
893802891,Wexford
894029185,Wexford
89422579,Limerick
894686602,Wexford
894929538,Galway
894929540,Galway
894929541,Galway
894929542,Galway
894961999,Laois
894962000,Laois
895079457,Meath
895322885,Wexford
89562664,Limerick
895662760,Cork
895662761,Cork
895662762,Cork
896018921,Wexford
896739853,Wexford
897316627,Laois
897316630,Laois
897316631,Laois
897331299,Tipperary
897331300,Tipperary
898048221,Clare
898180649,Down
901001276,Wexford
90185033,Carlow
902835362,Cork
902835363,Cork
902862970,Meath
902862971,Meath
902862976,Meath
904202365,Kerry
904854157,Down
90539913,Kildare
90539932,Kildare
905550238,Meath
906829819,Cork
907323976,Kerry
907662674,Monaghan
90830200,Limerick
909999880,Kildare
911038795,Antrim
91111504,Kilkenny
913689371,Dublin
91788161,Armagh
91795553,Armagh
91811083,Kerry
91818311,Kerry
919167894,Down
919691374,Wexford
919691376,Wexford
919691377,Wexford
919691378,Wexford
92291159,Cork
922954112,Armagh
924748121,Dublin
925165261,Kerry
92909186,Kilkenny
92973297,Carlow
931379616,Laois
93159229,Kildare
93159233,Kildare
931592624,Laois
932359323,Down
933938934,Cork
938215719,Dublin
938576612,Laois
938598517,Kilkenny
942109335,Meath
942109336,Meath
942114327,Meath
942309019,Meath
942610225,Meath
943598088,Laois
944398389,Laois
944398403,Laois
94450434,Carlow
944882674,Waterford
948691542,Galway
948713291,Cork
949130201,Cork
949178512,Cork
949556366,Wexford
949744852,Waterford
949744853,Waterford
949744854,Waterford
949787633,Donegal
951684863,Cork
952083756,Dublin
953058396,Donegal
953058435,Donegal
953636163,Meath
954415542,Laois
956662313,Donegal
958685266,Laois
958707631,Laois
958707632,Laois
958816679,Laois
958830380,Galway
958830381,Galway
958962412,Laois
961129663,Galway
96152189,Wexford
963399293,Dublin
963489226,Laois
963588287,Cork
964612284,Offaly
965791554,Dublin
96761801,Limerick
969215852,Dublin
969792437,Wicklow
969799288,Cavan
971011981,Dublin
971011982,Dublin
971015958,Galway
971016607,Donegal
971024899,Galway
971029275,Tipperary
971029735,Meath
971420534,Laois
971922999,Meath
971923000,Meath
972246601,Kildare
972367714,Dublin
973108420,Limerick
973111410,Limerick
974202743,Down
974202744,Down
974202745,Down
974570845,Laois
974783369,Kildare
975200699,Laois
975200759,Laois
975200760,Laois
975200761,Laois
97597498,Cork
976767408,Westmeath
976872517,Wexford
976895041,Galway
977555348,Tipperary
978797556,Wexford
978797557,Wexford
979559147,Galway
981029605,Meath
981310106,Kildare
98186105,Cork
98186108,Cork
98186115,Cork
983578761,Galway
983578762,Galway
98613062,Kildare
98613069,Kildare
98613071,Kildare
986938190,Dublin
987148943,Roscommon
988083493,Galway
988083496,Galway
988725584,Offaly
98991318,Meath
990886424,Clare
990907127,Clare
990907128,Clare
99192366,Limerick
992230283,Cork
997896851,Wexford
999316776,Galway
999900347,Monaghan
999900348,Monaghan
999900349,Monaghan
